SMILES,predicted_pIC50
Cc1ncccc1CCNC(=O)C(c1cccnc1)N(C(=O)c1cnc[nH]1)c1ccc(OC(C)C)cc1,5.302550072278928
CC(C)Oc1ccc(N(C(=O)c2cnc[nH]2)C(C(=O)NCCc2nccs2)c2cccnc2)cc1,5.291650405699892
CC(C)Oc1ccc(N(C(=O)c2cnc[nH]2)C(C(=O)NCCc2ccccn2)c2cccnc2)cc1,5.290867971987978
CC(C)Oc1ccc(N(C(=O)c2cnc[nH]2)C(C(=O)NCCc2ccncn2)c2cccnc2)cc1,5.2880369464352555
CC(C)Oc1ccc(N(C(=O)c2cnc[nH]2)C(C(=O)NCCc2cccc(F)c2)c2cccnc2)cc1,5.264748599513573
CC(C)Oc1ccc(N(C(=O)c2cnc[nH]2)C(C(=O)NCCc2cncs2)c2cccnc2)cc1,5.258222935919457
CC(C)Oc1ccc(N(C(=O)c2cnc[nH]2)C(C(=O)NCCc2ccns2)c2cccnc2)cc1,5.255408442566594
CC(C)Oc1ccc(N(C(=O)c2cnc[nH]2)C(C(=O)NCCc2ccns2)c2cccnc2)cc1,5.255408442566594
CC(C)Oc1ccc(N(C(=O)c2cnc[nH]2)C(C(=O)NCCc2ncccn2)c2cccnc2)cc1,5.248620006023528
CC(C)Oc1ccc(N(C(=O)c2cnc[nH]2)C(C(=O)NCCc2ccccc2F)c2cccnc2)cc1,5.248046742435625
Cc1ocnc1CCNC(=O)C(c1cccnc1)N(C(=O)c1cnc[nH]1)c1ccc(OC(C)C)cc1,5.228345624536688
CC(C)Oc1ccc(N(C(=O)c2cnc[nH]2)C(C(=O)NCCc2cccnc2)c2cccnc2)cc1,5.225658049121338
CC(C)Oc1ccc(N(C(=O)c2cnc[nH]2)C(C(=O)NCCc2cnco2)c2cccnc2)cc1,5.218687854649306
CC(C)Oc1ccc(N(C(=O)c2cnc[nH]2)C(C(=O)NCCc2ccc(OCCO)cc2)c2cccnc2)cc1,5.218417209418052
CC(C)Oc1ccc(N(C(=O)c2cnc[nH]2)C(C(=O)NCCc2ccc(OCCO)cc2)c2cccnc2)cc1,5.218417209418052
COc1ncccc1CCNC(=O)C(c1cccnc1)N(C(=O)c1cnc[nH]1)c1ccc(OC(C)C)cc1,5.215028443272987
Cc1nc(C)c(CCNC(=O)C(c2cccnc2)N(C(=O)c2cnc[nH]2)c2ccc(OC(C)C)cc2)s1,5.2145558069572555
CC(C)Oc1ccc(N(C(=O)c2cnc[nH]2)C(C(=O)NCCc2ccc(OCCN(C)C)cc2)c2cccnc2)cc1,5.180275904963935
CC(C)Oc1ccc(N(C(=O)c2cnc[nH]2)C(C(=O)NCCc2cncnc2)c2cccnc2)cc1,5.178862570492113
CC(C)Oc1ccc(N(C(=O)c2cnc[nH]2)C(C(=O)NCCc2cncnc2)c2cccnc2)cc1,5.178862570492113
CC(C)Oc1ccc(N(C(=O)c2cnc[nH]2)C(C(=O)NCCc2c[nH]cn2)c2cccnc2)cc1,5.171213187499251
Cc1ccncc1CCNC(=O)C(c1cccnc1)N(C(=O)c1cnc[nH]1)c1ccc(OC(C)C)cc1,5.168209597916665
Cc1[nH]cnc1CCNC(=O)C(c1cccnc1)N(C(=O)c1cnc[nH]1)c1ccc(OC(C)C)cc1,5.1665522520237195
Cc1[nH]cnc1CCNC(=O)C(c1cccnc1)N(C(=O)c1cnc[nH]1)c1ccc(OC(C)C)cc1,5.1665522520237195
CC(C)Oc1ccc(N(C(=O)c2cnc[nH]2)C(C(=O)NCCc2ncc[nH]2)c2cccnc2)cc1,5.165837877119307
CC(C)Oc1ccc(N(C(=O)c2cnc[nH]2)C(C(=O)NCCc2ccno2)c2cccnc2)cc1,5.16567276504318
CC(C)Oc1ccc(N(C(=O)c2cnc[nH]2)C(C(=O)NCCc2ccno2)c2cccnc2)cc1,5.16567276504318
Cc1cnccc1CCNC(=O)C(c1cccnc1)N(C(=O)c1cnc[nH]1)c1ccc(OC(C)C)cc1,5.16134842732907
CC(C)Oc1ccc(N(C(=O)c2cnc[nH]2)C(C(=O)NCCc2ccncc2F)c2cccnc2)cc1,5.1604142080394
CC(C)Oc1ccc(N(C(=O)c2cnc[nH]2)C(C(=O)NCCc2nnc[nH]2)c2cccnc2)cc1,5.1600189068689835
Cc1nccnc1CCNC(=O)C(c1cccnc1)N(C(=O)c1cnc[nH]1)c1ccc(OC(C)C)cc1,5.151440216826756
CCOc1cccc(CCNC(=O)C(c2cccnc2)N(C(=O)c2cnc[nH]2)c2ccc(OC(C)C)cc2)n1,5.151229792036958
CCOc1cccc(CCNC(=O)C(c2cccnc2)N(C(=O)c2cnc[nH]2)c2ccc(OC(C)C)cc2)n1,5.151229792036958
Cc1cc(CCNC(=O)C(c2cccnc2)N(C(=O)c2cnc[nH]2)c2ccc(OC(C)C)cc2)ccn1,5.1487888322110384
CC(C)Oc1ccc(N(C(=O)c2cnc[nH]2)C(C(=O)NCCc2cn[nH]c2)c2cccnc2)cc1,5.143013028485814
CC(C)Oc1ccc(N(C(=O)c2cnc[nH]2)C(C(=O)NCCc2ncon2)c2cccnc2)cc1,5.141116188909219
COc1ccnc(CCNC(=O)C(c2cccnc2)N(C(=O)c2cnc[nH]2)c2ccc(OC(C)C)cc2)n1,5.135215842738826
COc1ccnc(CCNC(=O)C(c2cccnc2)N(C(=O)c2cnc[nH]2)c2ccc(OC(C)C)cc2)n1,5.135215842738826
CC(C)Oc1ccc(N(C(=O)c2cnc[nH]2)C(C(=O)NCCc2cnc[nH]2)c2cccnc2)cc1,5.132871602664133
Cc1noc(CCNC(=O)C(c2cccnc2)N(C(=O)c2cnc[nH]2)c2ccc(OC(C)C)cc2)n1,5.1315092144221754
CC(C)Oc1ccc(N(C(=O)c2cnc[nH]2)C(C(=O)NCCc2cc(O)n(C)n2)c2cccnc2)cc1,5.129715741277763
CC(C)Oc1ccc(N(C(=O)c2cnc[nH]2)C(C(=O)NCCc2ccccc2O)c2cccnc2)cc1,5.127876338789252
CC(C)Oc1ccc(N(C(=O)c2cnc[nH]2)C(C(=O)NCCc2ccccc2O)c2cccnc2)cc1,5.127876338789252
COc1ccc(F)cc1CCNC(=O)C(c1cccnc1)N(C(=O)c1cnc[nH]1)c1ccc(OC(C)C)cc1,5.1277724292631355
COc1ccc(CCNC(=O)C(c2cccnc2)N(C(=O)c2cnc[nH]2)c2ccc(OC(C)C)cc2)cc1,5.12444343446931
CC(C)Oc1ccc(N(C(=O)c2cnc[nH]2)C(C(=O)NCCc2ccc(F)cc2)c2cccnc2)cc1,5.122350973613545
CC(C)Oc1ccc(N(C(=O)c2cnc[nH]2)C(C(=O)NCCc2cccnc2Cl)c2cccnc2)cc1,5.120545264849706
CC(C)Oc1ccc(N(C(=O)c2cnc[nH]2)C(C(=O)NCCc2ccncc2)c2cccnc2)cc1,5.118776692668292
Cc1nnc(CCNC(=O)C(c2cccnc2)N(C(=O)c2cnc[nH]2)c2ccc(OC(C)C)cc2)n1C,5.118187708900181
Cc1cc(CCNC(=O)C(c2cccnc2)N(C(=O)c2cnc[nH]2)c2ccc(OC(C)C)cc2)no1,5.1120880387867
Cc1cc(CCNC(=O)C(c2cccnc2)N(C(=O)c2cnc[nH]2)c2ccc(OC(C)C)cc2)no1,5.1120880387867
CC(C)Oc1ccc(N(C(=O)c2cnc[nH]2)C(C(=O)NCCc2cncn2C)c2cccnc2)cc1,5.111052883496409
Cc1cncc(CCNC(=O)C(c2cccnc2)N(C(=O)c2cnc[nH]2)c2ccc(OC(C)C)cc2)n1,5.110310839566543
CC(C)Oc1ccc(N(C(=O)c2cnc[nH]2)C(C(=O)NCCc2c[nH]nn2)c2cccnc2)cc1,5.106692968386394
Cc1cnc(CCNC(=O)C(c2cccnc2)N(C(=O)c2cnc[nH]2)c2ccc(OC(C)C)cc2)s1,5.0991998358827555
Cc1cnc(CCNC(=O)C(c2cccnc2)N(C(=O)c2cnc[nH]2)c2ccc(OC(C)C)cc2)s1,5.0991998358827555
COc1cc(CCNC(=O)C(c2cccnc2)N(C(=O)c2cnc[nH]2)c2ccc(OC(C)C)cc2)ccn1,5.096995565982537
COc1cc(CCNC(=O)C(c2cccnc2)N(C(=O)c2cnc[nH]2)c2ccc(OC(C)C)cc2)ccn1,5.096995565982537
CC(C)Oc1ccc(N(C(=O)c2cnc[nH]2)C(C(=O)NCCc2cnoc2)c2cccnc2)cc1,5.0969757458496625
CC(C)Oc1ccc(N(C(=O)c2cnc[nH]2)C(C(=O)NCCc2ncn[nH]2)c2cccnc2)cc1,5.096215858990069
CC(C)Oc1ccc(N(C(=O)c2cnc[nH]2)C(C(=O)NCCc2ncno2)c2cccnc2)cc1,5.089848677232584
CC(C)Oc1ccc(N(C(=O)c2cnc[nH]2)C(C(=O)NCCc2cnc(C3CC3)nc2)c2cccnc2)cc1,5.084686571111339
CC(C)Oc1ccc(N(C(=O)c2cnc[nH]2)C(C(=O)NCCc2cc[nH]n2)c2cccnc2)cc1,5.079482330205651
COc1nccc(CCNC(=O)C(c2cccnc2)N(C(=O)c2cnc[nH]2)c2ccc(OC(C)C)cc2)n1,5.078966896976494
CC(C)Oc1ccc(N(C(=O)c2cnc[nH]2)C(C(=O)NCCc2nc(-c3ccccc3)nn2C)c2cccnc2)cc1,5.073219947141384
CC(C)Oc1ccc(N(C(=O)c2cnc[nH]2)C(C(=O)NCCc2ccnc(O)c2)c2cccnc2)cc1,5.0722207008186
CC(C)Oc1ccc(N(C(=O)c2cnc[nH]2)C(C(=O)NCCc2nnnn2-c2ccccc2)c2cccnc2)cc1,5.071043851061807
CC(C)Oc1ccc(N(C(=O)c2cnc[nH]2)C(C(=O)NCCc2c[nH]nc2C(F)(F)F)c2cccnc2)cc1,5.0698143657452786
CC(C)Oc1ccc(N(C(=O)c2cnc[nH]2)C(C(=O)NCCc2ncccc2F)c2cccnc2)cc1,5.068693021527514
CC(C)Oc1ccc(N(C(=O)c2cnc[nH]2)C(C(=O)NCCc2ncccc2F)c2cccnc2)cc1,5.068693021527514
CC(C)Oc1ccc(N(C(=O)c2cnc[nH]2)C(C(=O)NCCc2nnn[nH]2)c2cccnc2)cc1,5.065072629619062
CC(C)Oc1ccc(N(C(=O)c2cnc[nH]2)C(C(=O)NCCc2nncs2)c2cccnc2)cc1,5.064723889118541
CC(C)Oc1ccc(N(C(=O)c2cnc[nH]2)C(C(=O)NCCc2nccn2C)c2cccnc2)cc1,5.0643272809131545
Cc1nc(CCNC(=O)C(c2cccnc2)N(C(=O)c2cnc[nH]2)c2ccc(OC(C)C)cc2)co1,5.064003581492065
Cc1nc(CCNC(=O)C(c2cccnc2)N(C(=O)c2cnc[nH]2)c2ccc(OC(C)C)cc2)sc1C,5.062882977876866
COc1ccc(CCNC(=O)C(c2cccnc2)N(C(=O)c2cnc[nH]2)c2ccc(OC(C)C)cc2)cc1O,5.06247314182794
Cc1nc(CCNC(=O)C(c2cccnc2)N(C(=O)c2cnc[nH]2)c2ccc(OC(C)C)cc2)n[nH]1,5.061683257600995
COc1cc(CCNC(=O)C(c2cccnc2)N(C(=O)c2cnc[nH]2)c2ccc(OC(C)C)cc2)ccc1O,5.060130987477297
CC(C)Oc1ccc(N(C(=O)c2cnc[nH]2)C(C(=O)NCCc2ccc(C#N)cc2)c2cccnc2)cc1,5.059545233478124
Cc1oncc1CCNC(=O)C(c1cccnc1)N(C(=O)c1cnc[nH]1)c1ccc(OC(C)C)cc1,5.058618193424216
Cc1nc(CCNC(=O)C(c2cccnc2)N(C(=O)c2cnc[nH]2)c2ccc(OC(C)C)cc2)c[nH]1,5.054946933534222
COc1cccc(CCNC(=O)C(c2cccnc2)N(C(=O)c2cnc[nH]2)c2ccc(OC(C)C)cc2)c1,5.054235199833165
CC(C)Oc1ccc(N(C(=O)c2cnc[nH]2)C(C(=O)NCCc2ccon2)c2cccnc2)cc1,5.053756061625081
CC(C)Oc1ccc(N(C(=O)c2cnc[nH]2)C(C(=O)NCCc2cccnc2N(C)C)c2cccnc2)cc1,5.050638797364719
CC(C)Oc1ccc(N(C(=O)c2cnc[nH]2)C(C(=O)NCCc2ccc3c(c2)CCOC3)c2cccnc2)cc1,5.048203983703039
COc1cc(OC)c(CCNC(=O)C(c2cccnc2)N(C(=O)c2cnc[nH]2)c2ccc(OC(C)C)cc2)cn1,5.047220602151582
CC(C)Oc1ccc(N(C(=O)c2cnc[nH]2)C(C(=O)NCCc2nnc(-c3ccccc3)o2)c2cccnc2)cc1,5.045723796203598
CC(C)Oc1ccc(N(C(=O)c2cnc[nH]2)C(C(=O)NCCc2nnc(-c3ccccc3)o2)c2cccnc2)cc1,5.045723796203598
CC(C)Oc1ccc(N(C(=O)c2cnc[nH]2)C(C(=O)NCCc2ccc(CN(C)C)cc2)c2cccnc2)cc1,5.045214628501123
CC(C)Oc1ccc(N(C(=O)c2cnc[nH]2)C(C(=O)NCCc2nncn2C2CC2)c2cccnc2)cc1,5.044764941537604
Cc1csc(CCNC(=O)C(c2cccnc2)N(C(=O)c2cnc[nH]2)c2ccc(OC(C)C)cc2)n1,5.044495673111173
CC(C)Oc1ccc(N(C(=O)c2cnc[nH]2)C(C(=O)NCCc2cn(C)cn2)c2cccnc2)cc1,5.044442444579284
CC(C)Oc1ccc(N(C(=O)c2cnc[nH]2)C(C(=O)NCCc2csc(=O)[nH]2)c2cccnc2)cc1,5.044078474700799
Cc1ccnc(CCNC(=O)C(c2cccnc2)N(C(=O)c2cnc[nH]2)c2ccc(OC(C)C)cc2)n1,5.042731692758877
Cc1nc(CCNC(=O)C(c2cccnc2)N(C(=O)c2cnc[nH]2)c2ccc(OC(C)C)cc2)cs1,5.04240388991255
Cc1nc(CCNC(=O)C(c2cccnc2)N(C(=O)c2cnc[nH]2)c2ccc(OC(C)C)cc2)cs1,5.04240388991255
CC(C)Oc1ccc(N(C(=O)c2cnc[nH]2)C(C(=O)NCCc2ncc(F)cn2)c2cccnc2)cc1,5.040122277544115
COc1ccc(CCNC(=O)C(c2cccnc2)N(C(=O)c2cnc[nH]2)c2ccc(OC(C)C)cc2)c(OC)c1,5.039751343640067
CC(C)Oc1ccc(N(C(=O)c2cnc[nH]2)C(C(=O)NCCc2ocnc2CO)c2cccnc2)cc1,5.039577107514449
CC(C)Oc1ccc(N(C(=O)c2cnc[nH]2)C(C(=O)NCCc2cc(=O)[nH][nH]2)c2cccnc2)cc1,5.037829457607352
COc1cccnc1CCNC(=O)C(c1cccnc1)N(C(=O)c1cnc[nH]1)c1ccc(OC(C)C)cc1,5.034568456988639
COc1cccnc1CCNC(=O)C(c1cccnc1)N(C(=O)c1cnc[nH]1)c1ccc(OC(C)C)cc1,5.034568456988639
Cc1cnc(CCNC(=O)C(c2cccnc2)N(C(=O)c2cnc[nH]2)c2ccc(OC(C)C)cc2)cn1,5.033705250124474
CC(C)Oc1ccc(N(C(=O)c2cnc[nH]2)C(C(=O)NCCc2cnccn2)c2cccnc2)cc1,5.031515781991537
CC(C)Oc1ccc(N(C(=O)c2cnc[nH]2)C(C(=O)NCCc2cnccn2)c2cccnc2)cc1,5.031515781991537
CC(C)Oc1ccc(N(C(=O)c2cnc[nH]2)C(C(=O)NCCc2nccc(=O)[nH]2)c2cccnc2)cc1,5.030920676147778
Cc1cc(CCNC(=O)C(c2cccnc2)N(C(=O)c2cnc[nH]2)c2ccc(OC(C)C)cc2)n[nH]1,5.029896907874291
Cc1cnc(CCNC(=O)C(c2cccnc2)N(C(=O)c2cnc[nH]2)c2ccc(OC(C)C)cc2)nc1C,5.028922463760885
Cc1ccc(CCNC(=O)C(c2cccnc2)N(C(=O)c2cnc[nH]2)c2ccc(OC(C)C)cc2)nc1,5.028796261943425
Cc1cc(C)nc(CCNC(=O)C(c2cccnc2)N(C(=O)c2cnc[nH]2)c2ccc(OC(C)C)cc2)n1,5.028725976203133
Cc1cccnc1CCNC(=O)C(c1cccnc1)N(C(=O)c1cnc[nH]1)c1ccc(OC(C)C)cc1,5.028618999538574
Cc1cccnc1CCNC(=O)C(c1cccnc1)N(C(=O)c1cnc[nH]1)c1ccc(OC(C)C)cc1,5.028618999538574
Cc1nn(C)cc1CCNC(=O)C(c1cccnc1)N(C(=O)c1cnc[nH]1)c1ccc(OC(C)C)cc1,5.02836911494041
CCn1cc(CCNC(=O)C(c2cccnc2)N(C(=O)c2cnc[nH]2)c2ccc(OC(C)C)cc2)cn1,5.027774038890269
CC(C)Oc1ccc(N(C(=O)c2cnc[nH]2)C(C(=O)NCCc2ccnnc2)c2cccnc2)cc1,5.027571452379849
CC(C)Oc1ccc(N(C(=O)c2cnc[nH]2)C(C(=O)NCCc2ncn(C)n2)c2cccnc2)cc1,5.027466360984267
CC(C)Oc1ccc(N(C(=O)c2cnc[nH]2)C(C(=O)NCCc2ncn(C)n2)c2cccnc2)cc1,5.027466360984267
Cc1cnc(CCNC(=O)C(c2cccnc2)N(C(=O)c2cnc[nH]2)c2ccc(OC(C)C)cc2)nc1,5.026629745243067
CC(=O)N1CCN(CCOc2ccc(CCNC(=O)C(c3cccnc3)N(C(=O)c3cnc[nH]3)c3ccc(OC(C)C)cc3)cc2)CC1,5.026074009139371
CC(C)Oc1ccc(N(C(=O)c2cnc[nH]2)C(C(=O)NCCc2n[nH]c3ncccc23)c2cccnc2)cc1,5.025474842817752
CC(C)Oc1ccc(N(C(=O)c2cnc[nH]2)C(C(=O)NCCc2nncn2C)c2cccnc2)cc1,5.022713254727727
COc1ccc(CCNC(=O)C(c2cccnc2)N(C(=O)c2cnc[nH]2)c2ccc(OC(C)C)cc2)c(F)c1,5.022537955381055
Cc1nc(CCNC(=O)C(c2cccnc2)N(C(=O)c2cnc[nH]2)c2ccc(OC(C)C)cc2)no1,5.021713008020826
CC(C)Oc1ccc(N(C(=O)c2cnc[nH]2)C(C(=O)NCCc2ccc(=O)[nH]c2)c2cccnc2)cc1,5.02063229581309
CC(C)Oc1ccc(N(C(=O)c2cnc[nH]2)C(C(=O)NCCc2cncnc2O)c2cccnc2)cc1,5.020201494601309
CC(C)Oc1ccc(N(C(=O)c2cnc[nH]2)C(C(=O)NCCc2ccnc(Cl)c2)c2cccnc2)cc1,5.020189117349755
CC(C)Oc1ccc(N(C(=O)c2cnc[nH]2)C(C(=O)NCCc2ccccc2[N+](=O)[O-])c2cccnc2)cc1,5.020146334748963
CCc1nc(CCNC(=O)C(c2cccnc2)N(C(=O)c2cnc[nH]2)c2ccc(OC(C)C)cc2)cs1,5.019934457137242
COc1ncc(CCNC(=O)C(c2cccnc2)N(C(=O)c2cnc[nH]2)c2ccc(OC(C)C)cc2)cn1,5.019851101391105
COc1ncc(CCNC(=O)C(c2cccnc2)N(C(=O)c2cnc[nH]2)c2ccc(OC(C)C)cc2)cn1,5.019851101391105
COc1ccccc1CCNC(=O)C(c1cccnc1)N(C(=O)c1cnc[nH]1)c1ccc(OC(C)C)cc1,5.01551641951267
COc1ccncc1CCNC(=O)C(c1cccnc1)N(C(=O)c1cnc[nH]1)c1ccc(OC(C)C)cc1,5.0149929241154005
CC(C)Oc1ccc(N(C(=O)c2cnc[nH]2)C(C(=O)NCCc2cccc(F)n2)c2cccnc2)cc1,5.011426956633639
Cc1ncsc1CCNC(=O)C(c1cccnc1)N(C(=O)c1cnc[nH]1)c1ccc(OC(C)C)cc1,5.009490107024962
CC(C)Oc1ccc(N(C(=O)c2cnc[nH]2)C(C(=O)NCCc2nccc(C3CC3)n2)c2cccnc2)cc1,5.007509060152604
CC(C)Oc1ccc(N(C(=O)c2cnc[nH]2)C(C(=O)NCCc2ncnn2C)c2cccnc2)cc1,5.006509903673315
COc1cc(C)nc(CCNC(=O)C(c2cccnc2)N(C(=O)c2cnc[nH]2)c2ccc(OC(C)C)cc2)n1,5.005134012479832
Cc1nc(CCNC(=O)C(c2cccnc2)N(C(=O)c2cnc[nH]2)c2ccc(OC(C)C)cc2)c(C)o1,5.00467918202761
CC(C)Oc1ccc(N(C(=O)c2cnc[nH]2)C(C(=O)NCCc2ccnc(O)n2)c2cccnc2)cc1,5.001637470222723
Cc1ncc(CCNC(=O)C(c2cccnc2)N(C(=O)c2cnc[nH]2)c2ccc(OC(C)C)cc2)o1,5.001217143301011
CC(C)Oc1ccc(N(C(=O)c2cnc[nH]2)C(C(=O)NCCc2cc(C3CC3)on2)c2cccnc2)cc1,5.001180356807572
CCc1noc(CCNC(=O)C(c2cccnc2)N(C(=O)c2cnc[nH]2)c2ccc(OC(C)C)cc2)n1,5.000579480358915
CC(C)Oc1ccc(N(C(=O)c2cnc[nH]2)C(C(=O)NCCc2nc(C3CC3)n[nH]2)c2cccnc2)cc1,5.000547075409511
Cc1ccc(CCNC(=O)C(c2cccnc2)N(C(=O)c2cnc[nH]2)c2ccc(OC(C)C)cc2)cc1O,5.000379760268525
CC(C)Oc1ccc(N(C(=O)c2cnc[nH]2)C(C(=O)NCCc2cc(-c3ccncc3)[nH]n2)c2cccnc2)cc1,4.9984489700572015
CCn1nc(C)c(CCNC(=O)C(c2cccnc2)N(C(=O)c2cnc[nH]2)c2ccc(OC(C)C)cc2)c1C,4.9981206893762975
Cc1nc(N(C)C)sc1CCNC(=O)C(c1cccnc1)N(C(=O)c1cnc[nH]1)c1ccc(OC(C)C)cc1,4.997952404591525
CC(C)Oc1ccc(N(C(=O)c2cnc[nH]2)C(C(=O)NCCc2cnn(C)c2)c2cccnc2)cc1,4.99585685123454
CC(C)Oc1ccc(N(C(=O)c2cnc[nH]2)C(C(=O)NCCc2cnn(C)c2)c2cccnc2)cc1,4.99585685123454
CC(C)Oc1ccc(N(C(=O)c2cnc[nH]2)C(C(=O)NCCc2cnn(C)c2)c2cccnc2)cc1,4.99585685123454
Cc1ncc(CCNC(=O)C(c2cccnc2)N(C(=O)c2cnc[nH]2)c2ccc(OC(C)C)cc2)s1,4.994346026441706
CCn1cc(CCNC(=O)C(c2cccnc2)N(C(=O)c2cnc[nH]2)c2ccc(OC(C)C)cc2)nn1,4.992678092523071
CC(C)Oc1ccc(N(C(=O)c2cnc[nH]2)C(C(=O)NCCc2ccc(F)cn2)c2cccnc2)cc1,4.990714381426134
COCc1ccc(CCNC(=O)C(c2cccnc2)N(C(=O)c2cnc[nH]2)c2ccc(OC(C)C)cc2)cc1,4.98768398650258
CCc1csc(CCNC(=O)C(c2cccnc2)N(C(=O)c2cnc[nH]2)c2ccc(OC(C)C)cc2)n1,4.987486912750223
Cc1cccc(CCNC(=O)C(c2cccnc2)N(C(=O)c2cnc[nH]2)c2ccc(OC(C)C)cc2)n1,4.986713307602778
CC(C)Oc1ccc(N(C(=O)c2cnc[nH]2)C(C(=O)NCCc2nc(C3CC3)no2)c2cccnc2)cc1,4.9825513160500465
CC(C)Oc1ccc(N(C(=O)c2cnc[nH]2)C(C(=O)NCCc2ccc3c(c2)COCC3)c2cccnc2)cc1,4.9815722579663175
CC(C)Oc1ccc(N(C(=O)c2cnc[nH]2)C(C(=O)NCCc2cc(O)no2)c2cccnc2)cc1,4.981026917315886
COc1cccc(CCNC(=O)C(c2cccnc2)N(C(=O)c2cnc[nH]2)c2ccc(OC(C)C)cc2)c1OC,4.980855160956789
COc1cccc(CCNC(=O)C(c2cccnc2)N(C(=O)c2cnc[nH]2)c2ccc(OC(C)C)cc2)c1OC,4.980855160956789
CC(C)Oc1ccc(N(C(=O)c2cnc[nH]2)C(C(=O)NCCc2noc(C3CC3)n2)c2cccnc2)cc1,4.980785580782278
CC(C)Oc1ccc(N(C(=O)c2cnc[nH]2)C(C(=O)NCCc2cocn2)c2cccnc2)cc1,4.97864274314653
COCc1ccnc(CCNC(=O)C(c2cccnc2)N(C(=O)c2cnc[nH]2)c2ccc(OC(C)C)cc2)n1,4.974582378482695
CC(C)Oc1ccc(N(C(=O)c2cnc[nH]2)C(C(=O)NCCc2csc(N(C)C)n2)c2cccnc2)cc1,4.973823862350947
CC(C)Oc1ccc(N(C(=O)c2cnc[nH]2)C(C(=O)NCCc2nccn2C(F)F)c2cccnc2)cc1,4.972644057727271
CC(C)Oc1ccc(N(C(=O)c2cnc[nH]2)C(C(=O)NCCc2nccn2C(F)F)c2cccnc2)cc1,4.972644057727271
CC(C)Oc1ccc(N(C(=O)c2cnc[nH]2)C(C(=O)NCCc2nc(-c3ccncc3)no2)c2cccnc2)cc1,4.971852001993849
CC(C)Oc1ccc(N(C(=O)c2cnc[nH]2)C(C(=O)NCCc2ccn(C)n2)c2cccnc2)cc1,4.970831824044456
CC(C)Oc1ccc(N(C(=O)c2cnc[nH]2)C(C(=O)NCCc2ncc3c(n2)CCC3)c2cccnc2)cc1,4.968152813501389
CC(C)Oc1ccc(N(C(=O)c2cnc[nH]2)C(C(=O)NCCc2ccc(OCC(=O)NC3CC3)cc2)c2cccnc2)cc1,4.9680960045305
CC(C)Oc1ccc(N(C(=O)c2cnc[nH]2)C(C(=O)NCCc2nnnn2C)c2cccnc2)cc1,4.964711398857559
Cc1cc(CCNC(=O)C(c2cccnc2)N(C(=O)c2cnc[nH]2)c2ccc(OC(C)C)cc2)on1,4.964648633575705
COc1cccc(CCNC(=O)C(c2cccnc2)N(C(=O)c2cnc[nH]2)c2ccc(OC(C)C)cc2)n1,4.963444301253664
Cc1nnc(CCNC(=O)C(c2cccnc2)N(C(=O)c2cnc[nH]2)c2ccc(OC(C)C)cc2)o1,4.960972585160062
Cc1cnc(CCNC(=O)C(c2cccnc2)N(C(=O)c2cnc[nH]2)c2ccc(OC(C)C)cc2)c(C)c1,4.960423942770791
Cc1cn(C)nc1CCNC(=O)C(c1cccnc1)N(C(=O)c1cnc[nH]1)c1ccc(OC(C)C)cc1,4.956437752975682
COc1ccc(CCNC(=O)C(c2cccnc2)N(C(=O)c2cnc[nH]2)c2ccc(OC(C)C)cc2)cn1,4.956369771711803
CC(C)Oc1ccc(N(C(=O)c2cnc[nH]2)C(C(=O)NCCc2ccnn2C)c2cccnc2)cc1,4.954414446485062
CC(C)Oc1ccc(N(C(=O)c2cnc[nH]2)C(C(=O)NCCc2cc(O)cc(O)c2)c2cccnc2)cc1,4.954146052159537
CCc1cnc(CCNC(=O)C(c2cccnc2)N(C(=O)c2cnc[nH]2)c2ccc(OC(C)C)cc2)s1,4.953317082263864
CC(C)Oc1ccc(N(C(=O)c2cnc[nH]2)C(C(=O)NCCc2ccccc2C#N)c2cccnc2)cc1,4.952551511606149
CC(C)Oc1ccc(N(C(=O)c2cnc[nH]2)C(C(=O)NCCc2noc(C(C)(C)C)n2)c2cccnc2)cc1,4.951463179390143
CC(C)Oc1ccc(N(C(=O)c2cnc[nH]2)C(C(=O)NCCc2cnc(C(C)C)nc2)c2cccnc2)cc1,4.9497579095536945
CCc1nnc(CCNC(=O)C(c2cccnc2)N(C(=O)c2cnc[nH]2)c2ccc(OC(C)C)cc2)n1C,4.94876878577163
CC(C)Oc1ccc(N(C(=O)c2cnc[nH]2)C(C(=O)NCCc2cnc(Cl)s2)c2cccnc2)cc1,4.9463873697125536
CC(C)Oc1ccc(N(C(=O)c2cnc[nH]2)C(C(=O)NCCc2ccc(N(C)C)cc2)c2cccnc2)cc1,4.945192617703107
CC(C)Oc1ccc(N(C(=O)c2cnc[nH]2)C(C(=O)NCCc2cccc(CN(C)C)c2)c2cccnc2)cc1,4.943336116220576
CC(C)Oc1ccc(N(C(=O)c2cnc[nH]2)C(C(=O)NCCc2ccc(CO)cc2)c2cccnc2)cc1,4.94059542167682
CC(C)Oc1ccc(N(C(=O)c2cnc[nH]2)C(C(=O)NCCc2ccc(CO)cc2)c2cccnc2)cc1,4.94059542167682
Cc1cc(CCNC(=O)C(c2cccnc2)N(C(=O)c2cnc[nH]2)c2ccc(OC(C)C)cc2)[nH]n1,4.938126882238606
COc1cc(CCNC(=O)C(c2cccnc2)N(C(=O)c2cnc[nH]2)c2ccc(OC(C)C)cc2)cc(OC)c1,4.935438334604093
CC(C)Oc1ccc(N(C(=O)c2cnc[nH]2)C(C(=O)NCCc2cnnn2C)c2cccnc2)cc1,4.935333999415701
CC(C)Oc1ccc(N(C(=O)c2cnc[nH]2)C(C(=O)NCCc2nccc(=O)n2C)c2cccnc2)cc1,4.934159693188269
CC(C)Oc1ccc(N(C(=O)c2cnc[nH]2)C(C(=O)NCCc2nnc3n2CCC3)c2cccnc2)cc1,4.934151321628214
CC(C)Oc1ccc(N(C(=O)c2cnc[nH]2)C(C(=O)NCCc2nc3cc(F)ccc3n2C)c2cccnc2)cc1,4.932162297826874
CC(C)Oc1ccc(N(C(=O)c2cnc[nH]2)C(C(=O)NCCc2ncc(F)cc2F)c2cccnc2)cc1,4.932115170276214
CCn1cnnc1CCNC(=O)C(c1cccnc1)N(C(=O)c1cnc[nH]1)c1ccc(OC(C)C)cc1,4.931699669896368
COCc1noc(CCNC(=O)C(c2cccnc2)N(C(=O)c2cnc[nH]2)c2ccc(OC(C)C)cc2)n1,4.928516982623147
CC(C)Oc1ccc(N(C(=O)c2cnc[nH]2)C(C(=O)NCCc2nnc(CO)s2)c2cccnc2)cc1,4.926562397342965
CC(C)Oc1ccc(N(C(=O)c2cnc[nH]2)C(C(=O)NCCc2ccc(O)c(O)c2)c2cccnc2)cc1,4.926365076838139
CC(C)Oc1ccc(N(C(=O)c2cnc[nH]2)C(C(=O)NCCc2nnc(C(C)C)s2)c2cccnc2)cc1,4.926145591967761
COc1ccc(CCNC(=O)C(c2cccnc2)N(C(=O)c2cnc[nH]2)c2ccc(OC(C)C)cc2)cc1F,4.926081986718279
CC(C)Oc1ccc(N(C(=O)c2cnc[nH]2)C(C(=O)NCCc2ccc(O)c(CO)c2)c2cccnc2)cc1,4.925243681135452
COc1cc(CCNC(=O)C(c2cccnc2)N(C(=O)c2cnc[nH]2)c2ccc(OC(C)C)cc2)cc([N+](=O)[O-])c1OC,4.9252091489872045
CC(C)Oc1ccc(N(C(=O)c2cnc[nH]2)C(C(=O)NCCc2nccc(C(F)(F)F)n2)c2cccnc2)cc1,4.924884082201273
CC(C)Oc1ccc(N(C(=O)c2cnc[nH]2)C(C(=O)NCCc2nc(C(F)F)no2)c2cccnc2)cc1,4.924344182606677
CC(C)Oc1ccc(N(C(=O)c2cnc[nH]2)C(C(=O)NCCc2nncn2C(C)C)c2cccnc2)cc1,4.921627463228814
CC(C)Oc1ccc(N(C(=O)c2cnc[nH]2)C(C(=O)NCCc2cscn2)c2cccnc2)cc1,4.9200338637351315
COc1cc(CCNC(=O)C(c2cccnc2)N(C(=O)c2cnc[nH]2)c2ccc(OC(C)C)cc2)ccc1F,4.918139978293476
COc1cc(CCNC(=O)C(c2cccnc2)N(C(=O)c2cnc[nH]2)c2ccc(OC(C)C)cc2)ccc1F,4.918139978293476
Cc1ccc(CCNC(=O)C(c2cccnc2)N(C(=O)c2cnc[nH]2)c2ccc(OC(C)C)cc2)cn1,4.913707733715609
CC(C)Oc1ccc(N(C(=O)c2cnc[nH]2)C(C(=O)NCCc2n[nH]c(=S)o2)c2cccnc2)cc1,4.911363956912192
CC(C)Oc1ccc(N(C(=O)c2cnc[nH]2)C(C(=O)NCCc2nccc(C(F)F)n2)c2cccnc2)cc1,4.911064332193213
CC(C)Oc1ccc(N(C(=O)c2cnc[nH]2)C(C(=O)NCCc2cc(C(F)(F)F)nn2C)c2cccnc2)cc1,4.910493363826128
CC(C)Oc1ccc(N(C(=O)c2cnc[nH]2)C(C(=O)NCCc2cnc(O)nc2)c2cccnc2)cc1,4.9079605167747475
CC(C)Oc1ccc(N(C(=O)c2cnc[nH]2)C(C(=O)NCCc2ccc(N3CCOCC3)c(F)c2)c2cccnc2)cc1,4.905780573958673
CC(C)Oc1ccc(N(C(=O)c2cnc[nH]2)C(C(=O)NCCc2nc(=O)o[nH]2)c2cccnc2)cc1,4.9034915772852425
Cc1cc(CCNC(=O)C(c2cccnc2)N(C(=O)c2cnc[nH]2)c2ccc(OC(C)C)cc2)nn1C,4.9011214370587775
CC(C)Oc1ccc(N(C(=O)c2cnc[nH]2)C(C(=O)NCCc2nc(Cc3ccccc3)no2)c2cccnc2)cc1,4.8996405629607525
CC(C)Oc1ccc(N(C(=O)c2cnc[nH]2)C(C(=O)NCCc2nc(Cc3ccccc3)no2)c2cccnc2)cc1,4.8996405629607525
CC(C)Oc1ccc(N(C(=O)c2cnc[nH]2)C(C(=O)NCCc2ccccc2N2CCOCC2)c2cccnc2)cc1,4.897387828817096
CC(C)Oc1ccc(N(C(=O)c2cnc[nH]2)C(C(=O)NCCc2nc(-c3ccccc3)n(C)n2)c2cccnc2)cc1,4.89498459289735
CC(C)Oc1ccc(N(C(=O)c2cnc[nH]2)C(C(=O)NCCc2cnn(-c3ccccc3)n2)c2cccnc2)cc1,4.889270130513135
CC(C)Oc1ccc(N(C(=O)c2cnc[nH]2)C(C(=O)NCCc2cnn(-c3ccccc3)n2)c2cccnc2)cc1,4.889270130513135
COc1cc(CCNC(=O)C(c2cccnc2)N(C(=O)c2cnc[nH]2)c2ccc(OC(C)C)cc2)cc(OC)c1O,4.889197443388553
COc1cc(CCNC(=O)C(c2cccnc2)N(C(=O)c2cnc[nH]2)c2ccc(OC(C)C)cc2)cc(OC)c1O,4.889197443388553
CCn1ccc(CCNC(=O)C(c2cccnc2)N(C(=O)c2cnc[nH]2)c2ccc(OC(C)C)cc2)n1,4.889098662423695
CNC(=O)c1ccc(CCNC(=O)C(c2cccnc2)N(C(=O)c2cnc[nH]2)c2ccc(OC(C)C)cc2)cc1,4.8884750892556506
Cc1nnc(CCNC(=O)C(c2cccnc2)N(C(=O)c2cnc[nH]2)c2ccc(OC(C)C)cc2)s1,4.886777209500093
Cc1nnc(CCNC(=O)C(c2cccnc2)N(C(=O)c2cnc[nH]2)c2ccc(OC(C)C)cc2)s1,4.886777209500093
CC(C)Oc1ccc(N(C(=O)c2cnc[nH]2)C(C(=O)NCCc2cccc3c2OCO3)c2cccnc2)cc1,4.885970935772977
CC(C)Oc1ccc(N(C(=O)c2cnc[nH]2)C(C(=O)NCCc2nc(C(F)(F)F)no2)c2cccnc2)cc1,4.885779835226938
COc1ccc(CCNC(=O)C(c2cccnc2)N(C(=O)c2cnc[nH]2)c2ccc(OC(C)C)cc2)c(O)c1,4.884267599855135
COc1cccc(CCNC(=O)C(c2cccnc2)N(C(=O)c2cnc[nH]2)c2ccc(OC(C)C)cc2)c1F,4.884023669672959
CC(C)Oc1ccc(N(C(=O)c2cnc[nH]2)C(C(=O)NCCc2ccccc2S(C)(=O)=O)c2cccnc2)cc1,4.883279118161668
CC(C)Oc1ccc(N(C(=O)c2cnc[nH]2)C(C(=O)NCCc2n[nH]c(=O)[nH]2)c2cccnc2)cc1,4.882331525991507
CC(C)Oc1ccc(N(C(=O)c2cnc[nH]2)C(C(=O)NCCc2cccc(C#N)c2)c2cccnc2)cc1,4.88205079274245
CC(C)Oc1ccc(N(C(=O)c2cnc[nH]2)C(C(=O)NCCc2cccc(C#N)c2)c2cccnc2)cc1,4.88205079274245
CC(C)Oc1ccc(N(C(=O)c2cnc[nH]2)C(C(=O)NCCc2nc3ccc(F)cc3n2C)c2cccnc2)cc1,4.882033865081468
CNC(=O)c1cccc(CCNC(=O)C(c2cccnc2)N(C(=O)c2cnc[nH]2)c2ccc(OC(C)C)cc2)c1,4.8811721638648775
Cc1c(CCNC(=O)C(c2cccnc2)N(C(=O)c2cnc[nH]2)c2ccc(OC(C)C)cc2)cnn1C,4.880685337384555
CC(C)Oc1ccc(N(C(=O)c2cnc[nH]2)C(C(=O)NCCc2cc(O)cc(F)c2)c2cccnc2)cc1,4.880396704006247
COc1ccc(CCNC(=O)C(c2cccnc2)N(C(=O)c2cnc[nH]2)c2ccc(OC(C)C)cc2)c(OC)c1OC,4.879022932395525
CC(C)Oc1ccc(N(C(=O)c2cnc[nH]2)C(C(=O)NCCc2n[nH]c(C(C)C)n2)c2cccnc2)cc1,4.877449542157674
CC(C)Oc1ccc(N(C(=O)c2cnc[nH]2)C(C(=O)NCCc2nc(-c3ccccc3)n[nH]2)c2cccnc2)cc1,4.876148828624217
CSc1ncc(CCNC(=O)C(c2cccnc2)N(C(=O)c2cnc[nH]2)c2ccc(OC(C)C)cc2)cn1,4.87499606797598
CC(C)Oc1ccc(N(C(=O)c2cnc[nH]2)C(C(=O)NCCc2cc(F)cc3c2OCOC3)c2cccnc2)cc1,4.873673145089992
CC(C)Oc1ccc(N(C(=O)c2cnc[nH]2)C(C(=O)NCCc2ccc(S(=O)(=O)NC3CC3)cc2)c2cccnc2)cc1,4.869325901557361
CC(=O)Nc1ccc(CCNC(=O)C(c2cccnc2)N(C(=O)c2cnc[nH]2)c2ccc(OC(C)C)cc2)cc1,4.864631261768316
CC(C)Oc1ccc(N(C(=O)c2cnc[nH]2)C(C(=O)NCCc2ccc(O)c([N+](=O)[O-])c2)c2cccnc2)cc1,4.862082826388515
CC(C)Oc1ccc(N(C(=O)c2cnc[nH]2)C(C(=O)NCCc2nc(-c3ccccc3)no2)c2cccnc2)cc1,4.858384731020906
CC(C)Oc1ccc(N(C(=O)c2cnc[nH]2)C(C(=O)NCCc2ccc3c(c2)COC3)c2cccnc2)cc1,4.856842644100945
CCc1nc(CCNC(=O)C(c2cccnc2)N(C(=O)c2cnc[nH]2)c2ccc(OC(C)C)cc2)no1,4.856345277457976
CC(C)Oc1ccc(N(C(=O)c2cnc[nH]2)C(C(=O)NCCc2ccc3cn[nH]c3c2)c2cccnc2)cc1,4.856094749022116
Cc1nn(C)c(C)c1CCNC(=O)C(c1cccnc1)N(C(=O)c1cnc[nH]1)c1ccc(OC(C)C)cc1,4.8558250411035155
Cc1nn(C)c(C)c1CCNC(=O)C(c1cccnc1)N(C(=O)c1cnc[nH]1)c1ccc(OC(C)C)cc1,4.8558250411035155
Cc1nn(C)c(C)c1CCNC(=O)C(c1cccnc1)N(C(=O)c1cnc[nH]1)c1ccc(OC(C)C)cc1,4.8558250411035155
CC(C)Oc1ccc(N(C(=O)c2cnc[nH]2)C(C(=O)NCCc2nnc3n2CCNC3=O)c2cccnc2)cc1,4.854537239575233
CC(C)Oc1ccc(N(C(=O)c2cnc[nH]2)C(C(=O)NCCc2nc(C(C)C)no2)c2cccnc2)cc1,4.853792092585239
CC(C)Oc1ccc(N(C(=O)c2cnc[nH]2)C(C(=O)NCCc2ccc(-n3cnnc3)cc2)c2cccnc2)cc1,4.853713295634024
CC(C)Oc1ccc(N(C(=O)c2cnc[nH]2)C(C(=O)NCCc2nnc(-c3ccccc3)n2C)c2cccnc2)cc1,4.852444074213587
CC(C)Oc1ccc(N(C(=O)c2cnc[nH]2)C(C(=O)NCCc2ccc(S(C)(=O)=O)cc2)c2cccnc2)cc1,4.84916077636331
CC(C)Oc1ccc(N(C(=O)c2cnc[nH]2)C(C(=O)NCCc2ccc(S(C)(=O)=O)cc2)c2cccnc2)cc1,4.84916077636331
CC(C)Oc1ccc(N(C(=O)c2cnc[nH]2)C(C(=O)NCCc2nnc3c(=O)n(C)ccn23)c2cccnc2)cc1,4.848521645084597
CC(C)Oc1ccc(N(C(=O)c2cnc[nH]2)C(C(=O)NCCc2nnc3n2CCN(C)C3=O)c2cccnc2)cc1,4.841846075582128
CC(C)Oc1ccc(N(C(=O)c2cnc[nH]2)C(C(=O)NCCc2cccc(O)c2)c2cccnc2)cc1,4.841804861717376
CC(C)Oc1ccc(N(C(=O)c2cnc[nH]2)C(C(=O)NCCc2nc3c(s2)CCC3)c2cccnc2)cc1,4.841743028880192
CC(C)Oc1ccc(N(C(=O)c2cnc[nH]2)C(C(=O)NCCc2cncc(O)c2)c2cccnc2)cc1,4.840959143745589
CC(C)Oc1ccc(N(C(=O)c2cnc[nH]2)C(C(=O)NCCc2noc3ccccc23)c2cccnc2)cc1,4.839078304017365
CC(C)Oc1ccc(N(C(=O)c2cnc[nH]2)C(C(=O)NCCc2nnc3c(=O)n(C4CC4)ccn23)c2cccnc2)cc1,4.83852037698934
CC(C)Oc1ccc(N(C(=O)c2cnc[nH]2)C(C(=O)NCCc2cccc(S(C)(=O)=O)c2)c2cccnc2)cc1,4.838165417005585
COc1ccc(CCNC(=O)C(c2cccnc2)N(C(=O)c2cnc[nH]2)c2ccc(OC(C)C)cc2)cc1[N+](=O)[O-],4.837225102959389
COc1ccc(CCNC(=O)C(c2cccnc2)N(C(=O)c2cnc[nH]2)c2ccc(OC(C)C)cc2)cc1[N+](=O)[O-],4.837225102959389
CC(C)Oc1ccc(N(C(=O)c2cnc[nH]2)C(C(=O)NCCc2ccn(C(C)C)n2)c2cccnc2)cc1,4.836719114935059
Cc1noc(C)c1CCNC(=O)C(c1cccnc1)N(C(=O)c1cnc[nH]1)c1ccc(OC(C)C)cc1,4.836294282323851
CC(C)Oc1ccc(N(C(=O)c2cnc[nH]2)C(C(=O)NCCc2nc3c(F)cccc3n2C)c2cccnc2)cc1,4.835769807975612
COc1cc(CCNC(=O)C(c2cccnc2)N(C(=O)c2cnc[nH]2)c2ccc(OC(C)C)cc2)c([N+](=O)[O-])cc1OC,4.8263209301043535
COc1cccc(CCNC(=O)C(c2cccnc2)N(C(=O)c2cnc[nH]2)c2ccc(OC(C)C)cc2)c1O,4.823745277937571
Cc1n[nH]c(C)c1CCNC(=O)C(c1cccnc1)N(C(=O)c1cnc[nH]1)c1ccc(OC(C)C)cc1,4.821629596706622
COc1ccc(CCNC(=O)C(c2cccnc2)N(C(=O)c2cnc[nH]2)c2ccc(OC(C)C)cc2)cc1OC,4.821316444986138
CC(C)Oc1ccc(N(C(=O)c2cnc[nH]2)C(C(=O)NCCc2cc(C3CC3)nn2C)c2cccnc2)cc1,4.820974815628886
CC(C)Oc1ccc(N(C(=O)c2cnc[nH]2)C(C(=O)NCCc2cccc(C(=O)N(C)C)c2)c2cccnc2)cc1,4.8196003694639895
CC(C)Oc1ccc(N(C(=O)c2cnc[nH]2)C(C(=O)NCCc2nc3cc(F)ccc3[nH]2)c2cccnc2)cc1,4.816541531959287
CC(C)Oc1ccc(N(C(=O)c2cnc[nH]2)C(C(=O)NCCc2ccc3c(c2)OCCO3)c2cccnc2)cc1,4.8163999160875015
CC(C)Oc1ccc(N(C(=O)c2cnc[nH]2)C(C(=O)NCCc2ccc3c(c2)OCCO3)c2cccnc2)cc1,4.8163999160875015
CC(C)Oc1ccc(N(C(=O)c2cnc[nH]2)C(C(=O)NCCc2cc(F)ccc2[N+](=O)[O-])c2cccnc2)cc1,4.814692746578057
CC(C)Oc1ccc(N(C(=O)c2cnc[nH]2)C(C(=O)NCCc2nccn2CC(F)(F)F)c2cccnc2)cc1,4.814156662930469
CCS(=O)(=O)c1ccccc1CCNC(=O)C(c1cccnc1)N(C(=O)c1cnc[nH]1)c1ccc(OC(C)C)cc1,4.8118256728825335
CC(C)Oc1ccc(N(C(=O)c2cnc[nH]2)C(C(=O)NCCc2ccc3c(c2)CCO3)c2cccnc2)cc1,4.811221345399451
CC(C)Oc1ccc(N(C(=O)c2cnc[nH]2)C(C(=O)NCCc2ccc3c(c2)CCO3)c2cccnc2)cc1,4.811221345399451
CC(C)Oc1ccc(N(C(=O)c2cnc[nH]2)C(C(=O)NCCc2cn(C)nn2)c2cccnc2)cc1,4.808980840357453
CC(C)Oc1ccc(N(C(=O)c2cnc[nH]2)C(C(=O)NCCc2ccc(CN3CCOCC3)cc2)c2cccnc2)cc1,4.8083650829625055
CC(C)Oc1ccc(N(C(=O)c2cnc[nH]2)C(C(=O)NCCc2noc(-c3ccccn3)n2)c2cccnc2)cc1,4.805091875259641
Cc1cc(O)c(O)cc1CCNC(=O)C(c1cccnc1)N(C(=O)c1cnc[nH]1)c1ccc(OC(C)C)cc1,4.800492379827676
CC(C)Oc1ccc(N(C(=O)c2cnc[nH]2)C(C(=O)NCCc2nc3c(s2)COCC3)c2cccnc2)cc1,4.798891997132573
CC(C)Oc1ccc(N(C(=O)c2cnc[nH]2)C(C(=O)NCCc2cn3ccccc3n2)c2cccnc2)cc1,4.798704824249281
CC(C)Oc1ccc(N(C(=O)c2cnc[nH]2)C(C(=O)NCCc2cn3ccccc3n2)c2cccnc2)cc1,4.798704824249281
CNS(=O)(=O)c1ccc(CCNC(=O)C(c2cccnc2)N(C(=O)c2cnc[nH]2)c2ccc(OC(C)C)cc2)cc1,4.797884443022968
COc1cc(OC)c(CCNC(=O)C(c2cccnc2)N(C(=O)c2cnc[nH]2)c2ccc(OC(C)C)cc2)c(OC)c1,4.797727536265809
CC(C)Oc1ccc(N(C(=O)c2cnc[nH]2)C(C(=O)NCCc2ccc(N(C)C)nc2)c2cccnc2)cc1,4.793101979093997
CC(C)Oc1ccc(N(C(=O)c2cnc[nH]2)C(C(=O)NCCc2nc3ncccn3n2)c2cccnc2)cc1,4.789077032317446
CC(C)Oc1ccc(N(C(=O)c2cnc[nH]2)C(C(=O)NCCc2nc3ccccc3[nH]2)c2cccnc2)cc1,4.786804927356825
CC(C)Oc1ccc(N(C(=O)c2cnc[nH]2)C(C(=O)NCCc2cccc3c2OCCO3)c2cccnc2)cc1,4.785259054782946
CC(C)Oc1ccc(N(C(=O)c2cnc[nH]2)C(C(=O)NCCc2ccc3[nH]ncc3c2)c2cccnc2)cc1,4.782342459810613
CCNS(=O)(=O)c1ccc(CCNC(=O)C(c2cccnc2)N(C(=O)c2cnc[nH]2)c2ccc(OC(C)C)cc2)cc1,4.779884709915029
CC(C)Oc1ccc(N(C(=O)c2cnc[nH]2)C(C(=O)NCCc2ccc(Cl)nc2)c2cccnc2)cc1,4.777909370963907
CC(C)Oc1ccc(N(C(=O)c2cnc[nH]2)C(C(=O)NCCc2nc(C(C)C)nn2C)c2cccnc2)cc1,4.777493712172778
CC(C)Oc1ccc(N(C(=O)c2cnc[nH]2)C(C(=O)NCCc2nc3ncc([N+](=O)[O-])cn3n2)c2cccnc2)cc1,4.774824358474771
CC(C)Oc1ccc(N(C(=O)c2cnc[nH]2)C(C(=O)NCCc2nc3ccccc3n2C)c2cccnc2)cc1,4.774223415396149
CC(C)Oc1ccc(N(C(=O)c2cnc[nH]2)C(C(=O)NCCc2nc(N(C)C)no2)c2cccnc2)cc1,4.766872309790808
CC(C)Oc1ccc(N(C(=O)c2cnc[nH]2)C(C(=O)NCCc2cccc([N+](=O)[O-])c2)c2cccnc2)cc1,4.764243046997124
CC(C)Oc1ccc(N(C(=O)c2cnc[nH]2)C(C(=O)NCCc2ccc(O)cc2)c2cccnc2)cc1,4.758564875721191
CC(C)Oc1ccc(N(C(=O)c2cnc[nH]2)C(C(=O)NCCc2ccc3c(c2)OCO3)c2cccnc2)cc1,4.757873188215601
CC(C)Oc1ccc(N(C(=O)c2cnc[nH]2)C(C(=O)NCCc2cc(C(F)(F)F)no2)c2cccnc2)cc1,4.755529924930811
CC(C)Oc1ccc(N(C(=O)c2cnc[nH]2)C(C(=O)NCCc2cnc3ccccc3n2)c2cccnc2)cc1,4.749754149477982
CC(C)Oc1ccc(N(C(=O)c2cnc[nH]2)C(C(=O)NCCc2ccc(O)cc2F)c2cccnc2)cc1,4.744581537755533
CC(C)Oc1ccc(N(C(=O)c2cnc[nH]2)C(C(=O)NCCc2cn(-c3ccccc3)nn2)c2cccnc2)cc1,4.743216920513015
CC(C)Oc1ccc(N(C(=O)c2cnc[nH]2)C(C(=O)NCCc2noc(COc3ccccc3)n2)c2cccnc2)cc1,4.738128600274734
CC(C)Oc1ccc(N(C(=O)c2cnc[nH]2)C(C(=O)NCCc2ccc(O)cc2O)c2cccnc2)cc1,4.725842419835651
CC(C)Oc1ccc(N(C(=O)c2cnc[nH]2)C(C(=O)NCCc2c(F)cc(O)cc2F)c2cccnc2)cc1,4.724511383073811
CC(C)Oc1ccc(N(C(=O)c2cnc[nH]2)C(C(=O)NCCc2nc3ccccc3o2)c2cccnc2)cc1,4.722901299626292
CC(C)Oc1ccc(N(C(=O)c2cnc[nH]2)C(C(=O)NCCc2ccc(O)cn2)c2cccnc2)cc1,4.722725077079465
CC(C)Oc1ccc(N(C(=O)c2cnc[nH]2)C(C(=O)NCCc2noc(COc3ccc(F)cc3)n2)c2cccnc2)cc1,4.718877231938035
CC(C)Oc1ccc(N(C(=O)c2cnc[nH]2)C(C(=O)NCCc2nn(C)c3ccccc23)c2cccnc2)cc1,4.717606497906194
Cc1cc2c(cc1CCNC(=O)C(c1cccnc1)N(C(=O)c1cnc[nH]1)c1ccc(OC(C)C)cc1)OCCO2,4.713152336524408
CC(C)Oc1ccc(N(C(=O)c2cnc[nH]2)C(C(=O)NCCc2ccc(N3CCN(C)CC3)cc2)c2cccnc2)cc1,4.707507402898624
CC(C)Oc1ccc(N(C(=O)c2cnc[nH]2)C(C(=O)NCCc2ccc(C(=O)N(C)C)cc2)c2cccnc2)cc1,4.7063926205998765
CC(C)Oc1ccc(N(C(=O)c2cnc[nH]2)C(C(=O)NCCc2ccc([N+](=O)[O-])cc2)c2cccnc2)cc1,4.7008525628650535
CC(C)Oc1ccc(N(C(=O)c2cnc[nH]2)C(C(=O)NCCc2nnc3c(=O)[nH]ccn23)c2cccnc2)cc1,4.698241919590799
CC(C)Oc1ccc(N(C(=O)c2cnc[nH]2)C(C(=O)NCCc2cn3cccnc3n2)c2cccnc2)cc1,4.675962827575134
CC(C)Oc1ccc(N(C(=O)c2cnc[nH]2)C(C(=O)NCCc2cn3cccnc3n2)c2cccnc2)cc1,4.675962827575134
CC(C)Oc1ccc(N(C(=O)c2cnc[nH]2)C(C(=O)NCCc2nnc3ccccn23)c2cccnc2)cc1,4.669005455092421
CC(C)Oc1ccc(N(C(=O)c2cnc[nH]2)C(C(=O)NCCc2nnc3ccccn23)c2cccnc2)cc1,4.669005455092421
Cc1cccn2cc(CCNC(=O)C(c3cccnc3)N(C(=O)c3cnc[nH]3)c3ccc(OC(C)C)cc3)nc12,4.662507332435403
CC(C)Oc1ccc(N(C(=O)c2cnc[nH]2)C(C(=O)NCCc2cnc3c(Cl)cnn3c2)c2cccnc2)cc1,4.6519049456932615
CC(C)Oc1ccc(N(C(=O)c2cnc[nH]2)C(C(=O)NCCc2cn3c(n2)SCC3)c2cccnc2)cc1,4.649464150230254
CC(C)Oc1ccc(N(C(=O)c2cnc[nH]2)C(C(=O)NCCc2cn3c(n2)SCC3)c2cccnc2)cc1,4.649464150230254
Cc1cccc2nc(CCNC(=O)C(c3cccnc3)N(C(=O)c3cnc[nH]3)c3ccc(OC(C)C)cc3)cn12,4.648985887845999
Cc1cccc2nc(CCNC(=O)C(c3cccnc3)N(C(=O)c3cnc[nH]3)c3ccc(OC(C)C)cc3)cn12,4.648985887845999
CC(C)Oc1ccc(N(C(=O)c2cnc[nH]2)C(C(=O)NCCc2ccc(N3CCC3)nc2)c2cccnc2)cc1,4.644452869374089
CC(C)Oc1ccc(N(C(=O)c2cnc[nH]2)C(C(=O)NCCc2cn3c(n2)CCC3)c2cccnc2)cc1,4.639498128456588
CC(C)Oc1ccc(N(C(=O)c2cnc[nH]2)C(C(=O)NCCc2ccc(CN3CCCC3=O)cc2)c2cccnc2)cc1,4.613601609539664
Cc1ccn2cc(CCNC(=O)C(c3cccnc3)N(C(=O)c3cnc[nH]3)c3ccc(OC(C)C)cc3)nc2n1,4.5805830531766
