,SMILES
0,CC(C)Oc1ccc(N(C(=O)c2cnc[nH]2)C(C(=O)NCCc2cn(-c3ccccc3)nn2)c2cccnc2)cc1
1,CC(C)Oc1ccc(N(C(=O)c2cnc[nH]2)C(C(=O)NCCc2nc(C(F)F)no2)c2cccnc2)cc1
2,CC(C)Oc1ccc(N(C(=O)c2cnc[nH]2)C(C(=O)NCCc2nc3ncc([N+](=O)[O-])cn3n2)c2cccnc2)cc1
3,CC(C)Oc1ccc(N(C(=O)c2cnc[nH]2)C(C(=O)NCCc2nc(-c3ccccc3)no2)c2cccnc2)cc1
4,COc1cccc(CCNC(=O)C(c2cccnc2)N(C(=O)c2cnc[nH]2)c2ccc(OC(C)C)cc2)c1OC
5,CC(C)Oc1ccc(N(C(=O)c2cnc[nH]2)C(C(=O)NCCc2cnn(C)c2)c2cccnc2)cc1
6,COc1cccnc1CCNC(=O)C(c1cccnc1)N(C(=O)c1cnc[nH]1)c1ccc(OC(C)C)cc1
7,CC(C)Oc1ccc(N(C(=O)c2cnc[nH]2)C(C(=O)NCCc2nc(-c3ccccc3)n(C)n2)c2cccnc2)cc1
8,CC(C)Oc1ccc(N(C(=O)c2cnc[nH]2)C(C(=O)NCCc2nc3ncccn3n2)c2cccnc2)cc1
9,CC(C)Oc1ccc(N(C(=O)c2cnc[nH]2)C(C(=O)NCCc2nc(N(C)C)no2)c2cccnc2)cc1
10,CC(C)Oc1ccc(N(C(=O)c2cnc[nH]2)C(C(=O)NCCc2cc(C(F)(F)F)no2)c2cccnc2)cc1
11,CC(C)Oc1ccc(N(C(=O)c2cnc[nH]2)C(C(=O)NCCc2cnco2)c2cccnc2)cc1
12,CC(C)Oc1ccc(N(C(=O)c2cnc[nH]2)C(C(=O)NCCc2cocn2)c2cccnc2)cc1
13,CC(C)Oc1ccc(N(C(=O)c2cnc[nH]2)C(C(=O)NCCc2ncc(F)cn2)c2cccnc2)cc1
14,Cc1cc(CCNC(=O)C(c2cccnc2)N(C(=O)c2cnc[nH]2)c2ccc(OC(C)C)cc2)no1
15,CC(C)Oc1ccc(N(C(=O)c2cnc[nH]2)C(C(=O)NCCc2nccc(=O)n2C)c2cccnc2)cc1
16,CC(C)Oc1ccc(N(C(=O)c2cnc[nH]2)C(C(=O)NCCc2nc(C(F)(F)F)no2)c2cccnc2)cc1
17,COCc1ccc(CCNC(=O)C(c2cccnc2)N(C(=O)c2cnc[nH]2)c2ccc(OC(C)C)cc2)cc1
18,CC(C)Oc1ccc(N(C(=O)c2cnc[nH]2)C(C(=O)NCCc2ccc(=O)[nH]c2)c2cccnc2)cc1
19,Cc1cn(C)nc1CCNC(=O)C(c1cccnc1)N(C(=O)c1cnc[nH]1)c1ccc(OC(C)C)cc1
20,CC(C)Oc1ccc(N(C(=O)c2cnc[nH]2)C(C(=O)NCCc2ccns2)c2cccnc2)cc1
21,COc1ccc(CCNC(=O)C(c2cccnc2)N(C(=O)c2cnc[nH]2)c2ccc(OC(C)C)cc2)c(OC)c1
22,COc1ccc(CCNC(=O)C(c2cccnc2)N(C(=O)c2cnc[nH]2)c2ccc(OC(C)C)cc2)cc1
23,CC(C)Oc1ccc(N(C(=O)c2cnc[nH]2)C(C(=O)NCCc2csc(=O)[nH]2)c2cccnc2)cc1
24,CC(C)Oc1ccc(N(C(=O)c2cnc[nH]2)C(C(=O)NCCc2ccc(O)cc2O)c2cccnc2)cc1
25,CC(C)Oc1ccc(N(C(=O)c2cnc[nH]2)C(C(=O)NCCc2ccns2)c2cccnc2)cc1
26,CC(C)Oc1ccc(N(C(=O)c2cnc[nH]2)C(C(=O)NCCc2nccn2CC(F)(F)F)c2cccnc2)cc1
27,COc1cc(CCNC(=O)C(c2cccnc2)N(C(=O)c2cnc[nH]2)c2ccc(OC(C)C)cc2)ccn1
28,CC(C)Oc1ccc(N(C(=O)c2cnc[nH]2)C(C(=O)NCCc2nc(C(C)C)no2)c2cccnc2)cc1
29,CC(C)Oc1ccc(N(C(=O)c2cnc[nH]2)C(C(=O)NCCc2nncn2C2CC2)c2cccnc2)cc1
30,Cc1nc(C)c(CCNC(=O)C(c2cccnc2)N(C(=O)c2cnc[nH]2)c2ccc(OC(C)C)cc2)s1
31,Cc1nnc(CCNC(=O)C(c2cccnc2)N(C(=O)c2cnc[nH]2)c2ccc(OC(C)C)cc2)o1
32,CC(C)Oc1ccc(N(C(=O)c2cnc[nH]2)C(C(=O)NCCc2cnnn2C)c2cccnc2)cc1
33,CC(C)Oc1ccc(N(C(=O)c2cnc[nH]2)C(C(=O)NCCc2nccc(C3CC3)n2)c2cccnc2)cc1
34,CCc1nnc(CCNC(=O)C(c2cccnc2)N(C(=O)c2cnc[nH]2)c2ccc(OC(C)C)cc2)n1C
35,COc1cc(OC)c(CCNC(=O)C(c2cccnc2)N(C(=O)c2cnc[nH]2)c2ccc(OC(C)C)cc2)cn1
36,CC(C)Oc1ccc(N(C(=O)c2cnc[nH]2)C(C(=O)NCCc2nccc(=O)[nH]2)c2cccnc2)cc1
37,COc1ccc(CCNC(=O)C(c2cccnc2)N(C(=O)c2cnc[nH]2)c2ccc(OC(C)C)cc2)cc1[N+](=O)[O-]
38,CC(C)Oc1ccc(N(C(=O)c2cnc[nH]2)C(C(=O)NCCc2ccc(CN(C)C)cc2)c2cccnc2)cc1
39,CC(C)Oc1ccc(N(C(=O)c2cnc[nH]2)C(C(=O)NCCc2n[nH]c(C(C)C)n2)c2cccnc2)cc1
40,CCc1csc(CCNC(=O)C(c2cccnc2)N(C(=O)c2cnc[nH]2)c2ccc(OC(C)C)cc2)n1
41,Cc1nc(CCNC(=O)C(c2cccnc2)N(C(=O)c2cnc[nH]2)c2ccc(OC(C)C)cc2)co1
42,CC(C)Oc1ccc(N(C(=O)c2cnc[nH]2)C(C(=O)NCCc2noc(C3CC3)n2)c2cccnc2)cc1
43,CC(C)Oc1ccc(N(C(=O)c2cnc[nH]2)C(C(=O)NCCc2noc(C(C)(C)C)n2)c2cccnc2)cc1
44,COc1ccnc(CCNC(=O)C(c2cccnc2)N(C(=O)c2cnc[nH]2)c2ccc(OC(C)C)cc2)n1
45,Cc1nn(C)c(C)c1CCNC(=O)C(c1cccnc1)N(C(=O)c1cnc[nH]1)c1ccc(OC(C)C)cc1
46,COc1cccc(CCNC(=O)C(c2cccnc2)N(C(=O)c2cnc[nH]2)c2ccc(OC(C)C)cc2)c1F
47,CSc1ncc(CCNC(=O)C(c2cccnc2)N(C(=O)c2cnc[nH]2)c2ccc(OC(C)C)cc2)cn1
48,CC(C)Oc1ccc(N(C(=O)c2cnc[nH]2)C(C(=O)NCCc2ccno2)c2cccnc2)cc1
49,CC(C)Oc1ccc(N(C(=O)c2cnc[nH]2)C(C(=O)NCCc2ccc(C(=O)N(C)C)cc2)c2cccnc2)cc1
50,COc1ccnc(CCNC(=O)C(c2cccnc2)N(C(=O)c2cnc[nH]2)c2ccc(OC(C)C)cc2)n1
51,CC(C)Oc1ccc(N(C(=O)c2cnc[nH]2)C(C(=O)NCCc2noc(COc3ccccc3)n2)c2cccnc2)cc1
52,COc1cc(CCNC(=O)C(c2cccnc2)N(C(=O)c2cnc[nH]2)c2ccc(OC(C)C)cc2)cc([N+](=O)[O-])c1OC
53,CCc1noc(CCNC(=O)C(c2cccnc2)N(C(=O)c2cnc[nH]2)c2ccc(OC(C)C)cc2)n1
54,CC(C)Oc1ccc(N(C(=O)c2cnc[nH]2)C(C(=O)NCCc2ccccc2C#N)c2cccnc2)cc1
55,CC(C)Oc1ccc(N(C(=O)c2cnc[nH]2)C(C(=O)NCCc2ccc(N3CCC3)nc2)c2cccnc2)cc1
56,CC(C)Oc1ccc(N(C(=O)c2cnc[nH]2)C(C(=O)NCCc2ncc3c(n2)CCC3)c2cccnc2)cc1
57,CC(C)Oc1ccc(N(C(=O)c2cnc[nH]2)C(C(=O)NCCc2cccnc2N(C)C)c2cccnc2)cc1
58,COCc1ccnc(CCNC(=O)C(c2cccnc2)N(C(=O)c2cnc[nH]2)c2ccc(OC(C)C)cc2)n1
59,COCc1noc(CCNC(=O)C(c2cccnc2)N(C(=O)c2cnc[nH]2)c2ccc(OC(C)C)cc2)n1
60,COc1cc(C)nc(CCNC(=O)C(c2cccnc2)N(C(=O)c2cnc[nH]2)c2ccc(OC(C)C)cc2)n1
61,CC(C)Oc1ccc(N(C(=O)c2cnc[nH]2)C(C(=O)NCCc2ncn(C)n2)c2cccnc2)cc1
62,CC(C)Oc1ccc(N(C(=O)c2cnc[nH]2)C(C(=O)NCCc2nc(C3CC3)no2)c2cccnc2)cc1
63,CC(C)Oc1ccc(N(C(=O)c2cnc[nH]2)C(C(=O)NCCc2cn3c(n2)SCC3)c2cccnc2)cc1
64,CC(C)Oc1ccc(N(C(=O)c2cnc[nH]2)C(C(=O)NCCc2ccc3[nH]ncc3c2)c2cccnc2)cc1
65,Cc1cc2c(cc1CCNC(=O)C(c1cccnc1)N(C(=O)c1cnc[nH]1)c1ccc(OC(C)C)cc1)OCCO2
66,CC(C)Oc1ccc(N(C(=O)c2cnc[nH]2)C(C(=O)NCCc2ccc3c(c2)COCC3)c2cccnc2)cc1
67,Cc1cnc(CCNC(=O)C(c2cccnc2)N(C(=O)c2cnc[nH]2)c2ccc(OC(C)C)cc2)nc1C
68,Cc1cc(CCNC(=O)C(c2cccnc2)N(C(=O)c2cnc[nH]2)c2ccc(OC(C)C)cc2)n[nH]1
69,COc1cc(CCNC(=O)C(c2cccnc2)N(C(=O)c2cnc[nH]2)c2ccc(OC(C)C)cc2)ccc1F
70,CC(C)Oc1ccc(N(C(=O)c2cnc[nH]2)C(C(=O)NCCc2n[nH]c3ncccc23)c2cccnc2)cc1
71,Cc1ocnc1CCNC(=O)C(c1cccnc1)N(C(=O)c1cnc[nH]1)c1ccc(OC(C)C)cc1
72,CCn1ccc(CCNC(=O)C(c2cccnc2)N(C(=O)c2cnc[nH]2)c2ccc(OC(C)C)cc2)n1
73,CC(C)Oc1ccc(N(C(=O)c2cnc[nH]2)C(C(=O)NCCc2ccc(N(C)C)nc2)c2cccnc2)cc1
74,CCn1cc(CCNC(=O)C(c2cccnc2)N(C(=O)c2cnc[nH]2)c2ccc(OC(C)C)cc2)cn1
75,COc1ccc(CCNC(=O)C(c2cccnc2)N(C(=O)c2cnc[nH]2)c2ccc(OC(C)C)cc2)cc1[N+](=O)[O-]
76,CC(C)Oc1ccc(N(C(=O)c2cnc[nH]2)C(C(=O)NCCc2ccc(CN3CCOCC3)cc2)c2cccnc2)cc1
77,CC(C)Oc1ccc(N(C(=O)c2cnc[nH]2)C(C(=O)NCCc2noc(COc3ccc(F)cc3)n2)c2cccnc2)cc1
78,Cc1ncc(CCNC(=O)C(c2cccnc2)N(C(=O)c2cnc[nH]2)c2ccc(OC(C)C)cc2)o1
79,CC(C)Oc1ccc(N(C(=O)c2cnc[nH]2)C(C(=O)NCCc2ccncc2F)c2cccnc2)cc1
80,CC(C)Oc1ccc(N(C(=O)c2cnc[nH]2)C(C(=O)NCCc2ccc3c(c2)CCOC3)c2cccnc2)cc1
81,COc1cccnc1CCNC(=O)C(c1cccnc1)N(C(=O)c1cnc[nH]1)c1ccc(OC(C)C)cc1
82,CC(C)Oc1ccc(N(C(=O)c2cnc[nH]2)C(C(=O)NCCc2cnc3ccccc3n2)c2cccnc2)cc1
83,CC(C)Oc1ccc(N(C(=O)c2cnc[nH]2)C(C(=O)NCCc2nc(C3CC3)n[nH]2)c2cccnc2)cc1
84,CC(C)Oc1ccc(N(C(=O)c2cnc[nH]2)C(C(=O)NCCc2ccc(N3CCN(C)CC3)cc2)c2cccnc2)cc1
85,CC(C)Oc1ccc(N(C(=O)c2cnc[nH]2)C(C(=O)NCCc2nnc(C(C)C)s2)c2cccnc2)cc1
86,CCS(=O)(=O)c1ccccc1CCNC(=O)C(c1cccnc1)N(C(=O)c1cnc[nH]1)c1ccc(OC(C)C)cc1
87,CC(C)Oc1ccc(N(C(=O)c2cnc[nH]2)C(C(=O)NCCc2cccc3c2OCO3)c2cccnc2)cc1
88,CC(C)Oc1ccc(N(C(=O)c2cnc[nH]2)C(C(=O)NCCc2nccc(C(F)(F)F)n2)c2cccnc2)cc1
89,Cc1cc(CCNC(=O)C(c2cccnc2)N(C(=O)c2cnc[nH]2)c2ccc(OC(C)C)cc2)no1
90,CC(C)Oc1ccc(N(C(=O)c2cnc[nH]2)C(C(=O)NCCc2ccnnc2)c2cccnc2)cc1
91,CC(C)Oc1ccc(N(C(=O)c2cnc[nH]2)C(C(=O)NCCc2ccc(S(C)(=O)=O)cc2)c2cccnc2)cc1
92,Cc1cnc(CCNC(=O)C(c2cccnc2)N(C(=O)c2cnc[nH]2)c2ccc(OC(C)C)cc2)cn1
93,CC(C)Oc1ccc(N(C(=O)c2cnc[nH]2)C(C(=O)NCCc2nncs2)c2cccnc2)cc1
94,CC(C)Oc1ccc(N(C(=O)c2cnc[nH]2)C(C(=O)NCCc2ccccc2[N+](=O)[O-])c2cccnc2)cc1
95,CC(C)Oc1ccc(N(C(=O)c2cnc[nH]2)C(C(=O)NCCc2cn3c(n2)SCC3)c2cccnc2)cc1
96,Cc1nc(CCNC(=O)C(c2cccnc2)N(C(=O)c2cnc[nH]2)c2ccc(OC(C)C)cc2)c(C)o1
97,CC(C)Oc1ccc(N(C(=O)c2cnc[nH]2)C(C(=O)NCCc2cccc(CN(C)C)c2)c2cccnc2)cc1
98,Cc1nn(C)cc1CCNC(=O)C(c1cccnc1)N(C(=O)c1cnc[nH]1)c1ccc(OC(C)C)cc1
99,CC(C)Oc1ccc(N(C(=O)c2cnc[nH]2)C(C(=O)NCCc2cnn(C)c2)c2cccnc2)cc1
100,CCn1nc(C)c(CCNC(=O)C(c2cccnc2)N(C(=O)c2cnc[nH]2)c2ccc(OC(C)C)cc2)c1C
101,CC(C)Oc1ccc(N(C(=O)c2cnc[nH]2)C(C(=O)NCCc2nc(-c3ccccc3)nn2C)c2cccnc2)cc1
102,CCn1cnnc1CCNC(=O)C(c1cccnc1)N(C(=O)c1cnc[nH]1)c1ccc(OC(C)C)cc1
103,CC(C)Oc1ccc(N(C(=O)c2cnc[nH]2)C(C(=O)NCCc2nnn[nH]2)c2cccnc2)cc1
104,CC(C)Oc1ccc(N(C(=O)c2cnc[nH]2)C(C(=O)NCCc2nc3ccc(F)cc3n2C)c2cccnc2)cc1
105,CC(C)Oc1ccc(N(C(=O)c2cnc[nH]2)C(C(=O)NCCc2cn3cccnc3n2)c2cccnc2)cc1
106,Cc1ccncc1CCNC(=O)C(c1cccnc1)N(C(=O)c1cnc[nH]1)c1ccc(OC(C)C)cc1
107,Cc1nn(C)c(C)c1CCNC(=O)C(c1cccnc1)N(C(=O)c1cnc[nH]1)c1ccc(OC(C)C)cc1
108,Cc1cc(CCNC(=O)C(c2cccnc2)N(C(=O)c2cnc[nH]2)c2ccc(OC(C)C)cc2)ccn1
109,CC(C)Oc1ccc(N(C(=O)c2cnc[nH]2)C(C(=O)NCCc2ncccn2)c2cccnc2)cc1
110,COc1cc(CCNC(=O)C(c2cccnc2)N(C(=O)c2cnc[nH]2)c2ccc(OC(C)C)cc2)cc(OC)c1
111,CC(C)Oc1ccc(N(C(=O)c2cnc[nH]2)C(C(=O)NCCc2ncc(F)cc2F)c2cccnc2)cc1
112,Cc1[nH]cnc1CCNC(=O)C(c1cccnc1)N(C(=O)c1cnc[nH]1)c1ccc(OC(C)C)cc1
113,CCn1cc(CCNC(=O)C(c2cccnc2)N(C(=O)c2cnc[nH]2)c2ccc(OC(C)C)cc2)nn1
114,CC(C)Oc1ccc(N(C(=O)c2cnc[nH]2)C(C(=O)NCCc2nc(Cc3ccccc3)no2)c2cccnc2)cc1
115,Cc1ccnc(CCNC(=O)C(c2cccnc2)N(C(=O)c2cnc[nH]2)c2ccc(OC(C)C)cc2)n1
116,CC(C)Oc1ccc(N(C(=O)c2cnc[nH]2)C(C(=O)NCCc2cc(C3CC3)on2)c2cccnc2)cc1
117,CC(C)Oc1ccc(N(C(=O)c2cnc[nH]2)C(C(=O)NCCc2nccc(C(F)F)n2)c2cccnc2)cc1
118,Cc1oncc1CCNC(=O)C(c1cccnc1)N(C(=O)c1cnc[nH]1)c1ccc(OC(C)C)cc1
119,CC(C)Oc1ccc(N(C(=O)c2cnc[nH]2)C(C(=O)NCCc2ccc(C#N)cc2)c2cccnc2)cc1
120,CC(C)Oc1ccc(N(C(=O)c2cnc[nH]2)C(C(=O)NCCc2c[nH]cn2)c2cccnc2)cc1
121,CC(C)Oc1ccc(N(C(=O)c2cnc[nH]2)C(C(=O)NCCc2c[nH]nn2)c2cccnc2)cc1
122,CC(C)Oc1ccc(N(C(=O)c2cnc[nH]2)C(C(=O)NCCc2ccc(F)cc2)c2cccnc2)cc1
123,CC(C)Oc1ccc(N(C(=O)c2cnc[nH]2)C(C(=O)NCCc2ccncn2)c2cccnc2)cc1
124,CC(C)Oc1ccc(N(C(=O)c2cnc[nH]2)C(C(=O)NCCc2nc3c(s2)COCC3)c2cccnc2)cc1
125,Cc1ncccc1CCNC(=O)C(c1cccnc1)N(C(=O)c1cnc[nH]1)c1ccc(OC(C)C)cc1
126,CC(C)Oc1ccc(N(C(=O)c2cnc[nH]2)C(C(=O)NCCc2nnc3c(=O)n(C4CC4)ccn23)c2cccnc2)cc1
127,Cc1cc(O)c(O)cc1CCNC(=O)C(c1cccnc1)N(C(=O)c1cnc[nH]1)c1ccc(OC(C)C)cc1
128,CC(C)Oc1ccc(N(C(=O)c2cnc[nH]2)C(C(=O)NCCc2nc3c(s2)CCC3)c2cccnc2)cc1
129,CC(C)Oc1ccc(N(C(=O)c2cnc[nH]2)C(C(=O)NCCc2cccc3c2OCCO3)c2cccnc2)cc1
130,CC(C)Oc1ccc(N(C(=O)c2cnc[nH]2)C(C(=O)NCCc2nc(C(C)C)nn2C)c2cccnc2)cc1
131,COc1ccncc1CCNC(=O)C(c1cccnc1)N(C(=O)c1cnc[nH]1)c1ccc(OC(C)C)cc1
132,Cc1cc(CCNC(=O)C(c2cccnc2)N(C(=O)c2cnc[nH]2)c2ccc(OC(C)C)cc2)nn1C
133,CC(C)Oc1ccc(N(C(=O)c2cnc[nH]2)C(C(=O)NCCc2ccccc2S(C)(=O)=O)c2cccnc2)cc1
134,CC(C)Oc1ccc(N(C(=O)c2cnc[nH]2)C(C(=O)NCCc2ccc(O)c(O)c2)c2cccnc2)cc1
135,CC(C)Oc1ccc(N(C(=O)c2cnc[nH]2)C(C(=O)NCCc2nnc3n2CCN(C)C3=O)c2cccnc2)cc1
136,CC(C)Oc1ccc(N(C(=O)c2cnc[nH]2)C(C(=O)NCCc2nc3ccccc3[nH]2)c2cccnc2)cc1
137,Cc1nc(CCNC(=O)C(c2cccnc2)N(C(=O)c2cnc[nH]2)c2ccc(OC(C)C)cc2)c[nH]1
138,Cc1cc(CCNC(=O)C(c2cccnc2)N(C(=O)c2cnc[nH]2)c2ccc(OC(C)C)cc2)[nH]n1
139,CC(C)Oc1ccc(N(C(=O)c2cnc[nH]2)C(C(=O)NCCc2ccc3cn[nH]c3c2)c2cccnc2)cc1
140,COc1nccc(CCNC(=O)C(c2cccnc2)N(C(=O)c2cnc[nH]2)c2ccc(OC(C)C)cc2)n1
141,CC(C)Oc1ccc(N(C(=O)c2cnc[nH]2)C(C(=O)NCCc2ccccc2F)c2cccnc2)cc1
142,CC(C)Oc1ccc(N(C(=O)c2cnc[nH]2)C(C(=O)NCCc2nccn2C)c2cccnc2)cc1
143,CC(C)Oc1ccc(N(C(=O)c2cnc[nH]2)C(C(=O)NCCc2nnc3ccccn23)c2cccnc2)cc1
144,CC(C)Oc1ccc(N(C(=O)c2cnc[nH]2)C(C(=O)NCCc2cccc(F)c2)c2cccnc2)cc1
145,COc1ncc(CCNC(=O)C(c2cccnc2)N(C(=O)c2cnc[nH]2)c2ccc(OC(C)C)cc2)cn1
146,COc1ccc(CCNC(=O)C(c2cccnc2)N(C(=O)c2cnc[nH]2)c2ccc(OC(C)C)cc2)cc1OC
147,COc1ncc(CCNC(=O)C(c2cccnc2)N(C(=O)c2cnc[nH]2)c2ccc(OC(C)C)cc2)cn1
148,COc1ccc(F)cc1CCNC(=O)C(c1cccnc1)N(C(=O)c1cnc[nH]1)c1ccc(OC(C)C)cc1
149,CNC(=O)c1ccc(CCNC(=O)C(c2cccnc2)N(C(=O)c2cnc[nH]2)c2ccc(OC(C)C)cc2)cc1
150,CC(C)Oc1ccc(N(C(=O)c2cnc[nH]2)C(C(=O)NCCc2cc(F)ccc2[N+](=O)[O-])c2cccnc2)cc1
151,CC(C)Oc1ccc(N(C(=O)c2cnc[nH]2)C(C(=O)NCCc2cc[nH]n2)c2cccnc2)cc1
152,CC(C)Oc1ccc(N(C(=O)c2cnc[nH]2)C(C(=O)NCCc2nnc3n2CCNC3=O)c2cccnc2)cc1
153,CC(C)Oc1ccc(N(C(=O)c2cnc[nH]2)C(C(=O)NCCc2ccc(S(=O)(=O)NC3CC3)cc2)c2cccnc2)cc1
154,CC(C)Oc1ccc(N(C(=O)c2cnc[nH]2)C(C(=O)NCCc2nnc3c(=O)[nH]ccn23)c2cccnc2)cc1
155,CC(C)Oc1ccc(N(C(=O)c2cnc[nH]2)C(C(=O)NCCc2nnc3c(=O)n(C)ccn23)c2cccnc2)cc1
156,CNS(=O)(=O)c1ccc(CCNC(=O)C(c2cccnc2)N(C(=O)c2cnc[nH]2)c2ccc(OC(C)C)cc2)cc1
157,CCNS(=O)(=O)c1ccc(CCNC(=O)C(c2cccnc2)N(C(=O)c2cnc[nH]2)c2ccc(OC(C)C)cc2)cc1
158,COc1ccccc1CCNC(=O)C(c1cccnc1)N(C(=O)c1cnc[nH]1)c1ccc(OC(C)C)cc1
159,CC(C)Oc1ccc(N(C(=O)c2cnc[nH]2)C(C(=O)NCCc2nccn2C(F)F)c2cccnc2)cc1
160,CC(C)Oc1ccc(N(C(=O)c2cnc[nH]2)C(C(=O)NCCc2ccno2)c2cccnc2)cc1
161,COc1cc(CCNC(=O)C(c2cccnc2)N(C(=O)c2cnc[nH]2)c2ccc(OC(C)C)cc2)ccn1
162,CC(C)Oc1ccc(N(C(=O)c2cnc[nH]2)C(C(=O)NCCc2cncs2)c2cccnc2)cc1
163,COc1cccc(CCNC(=O)C(c2cccnc2)N(C(=O)c2cnc[nH]2)c2ccc(OC(C)C)cc2)n1
164,COc1ccc(CCNC(=O)C(c2cccnc2)N(C(=O)c2cnc[nH]2)c2ccc(OC(C)C)cc2)cn1
165,CCOc1cccc(CCNC(=O)C(c2cccnc2)N(C(=O)c2cnc[nH]2)c2ccc(OC(C)C)cc2)n1
166,CC(C)Oc1ccc(N(C(=O)c2cnc[nH]2)C(C(=O)NCCc2cncnc2)c2cccnc2)cc1
167,CC(C)Oc1ccc(N(C(=O)c2cnc[nH]2)C(C(=O)NCCc2cncnc2)c2cccnc2)cc1
168,CC(C)Oc1ccc(N(C(=O)c2cnc[nH]2)C(C(=O)NCCc2cn3cccnc3n2)c2cccnc2)cc1
169,CC(C)Oc1ccc(N(C(=O)c2cnc[nH]2)C(C(=O)NCCc2cnn(-c3ccccc3)n2)c2cccnc2)cc1
170,CC(C)Oc1ccc(N(C(=O)c2cnc[nH]2)C(C(=O)NCCc2noc3ccccc23)c2cccnc2)cc1
171,Cc1cncc(CCNC(=O)C(c2cccnc2)N(C(=O)c2cnc[nH]2)c2ccc(OC(C)C)cc2)n1
172,Cc1cnc(CCNC(=O)C(c2cccnc2)N(C(=O)c2cnc[nH]2)c2ccc(OC(C)C)cc2)c(C)c1
173,CC(C)Oc1ccc(N(C(=O)c2cnc[nH]2)C(C(=O)NCCc2cn(C)nn2)c2cccnc2)cc1
174,Cc1cccnc1CCNC(=O)C(c1cccnc1)N(C(=O)c1cnc[nH]1)c1ccc(OC(C)C)cc1
175,Cc1cccc2nc(CCNC(=O)C(c3cccnc3)N(C(=O)c3cnc[nH]3)c3ccc(OC(C)C)cc3)cn12
176,CC(C)Oc1ccc(N(C(=O)c2cnc[nH]2)C(C(=O)NCCc2cccc(S(C)(=O)=O)c2)c2cccnc2)cc1
177,CC(C)Oc1ccc(N(C(=O)c2cnc[nH]2)C(C(=O)NCCc2cc(O)cc(O)c2)c2cccnc2)cc1
178,Cc1n[nH]c(C)c1CCNC(=O)C(c1cccnc1)N(C(=O)c1cnc[nH]1)c1ccc(OC(C)C)cc1
179,Cc1ccc(CCNC(=O)C(c2cccnc2)N(C(=O)c2cnc[nH]2)c2ccc(OC(C)C)cc2)nc1
180,CC(C)Oc1ccc(N(C(=O)c2cnc[nH]2)C(C(=O)NCCc2cn(C)cn2)c2cccnc2)cc1
181,CC(C)Oc1ccc(N(C(=O)c2cnc[nH]2)C(C(=O)NCCc2ccc3c(c2)COC3)c2cccnc2)cc1
182,COc1cccc(CCNC(=O)C(c2cccnc2)N(C(=O)c2cnc[nH]2)c2ccc(OC(C)C)cc2)c1OC
183,COc1ccc(CCNC(=O)C(c2cccnc2)N(C(=O)c2cnc[nH]2)c2ccc(OC(C)C)cc2)c(OC)c1OC
184,Cc1cccn2cc(CCNC(=O)C(c3cccnc3)N(C(=O)c3cnc[nH]3)c3ccc(OC(C)C)cc3)nc12
185,CC(C)Oc1ccc(N(C(=O)c2cnc[nH]2)C(C(=O)NCCc2nncn2C(C)C)c2cccnc2)cc1
186,CC(C)Oc1ccc(N(C(=O)c2cnc[nH]2)C(C(=O)NCCc2cccc(C(=O)N(C)C)c2)c2cccnc2)cc1
187,CC(C)Oc1ccc(N(C(=O)c2cnc[nH]2)C(C(=O)NCCc2nnc[nH]2)c2cccnc2)cc1
188,Cc1ccc(CCNC(=O)C(c2cccnc2)N(C(=O)c2cnc[nH]2)c2ccc(OC(C)C)cc2)cn1
189,CC(C)Oc1ccc(N(C(=O)c2cnc[nH]2)C(C(=O)NCCc2cccc([N+](=O)[O-])c2)c2cccnc2)cc1
190,CC(C)Oc1ccc(N(C(=O)c2cnc[nH]2)C(C(=O)NCCc2cncn2C)c2cccnc2)cc1
191,Cc1cccnc1CCNC(=O)C(c1cccnc1)N(C(=O)c1cnc[nH]1)c1ccc(OC(C)C)cc1
192,CC(C)Oc1ccc(N(C(=O)c2cnc[nH]2)C(C(=O)NCCc2cnccn2)c2cccnc2)cc1
193,CC(C)Oc1ccc(N(C(=O)c2cnc[nH]2)C(C(=O)NCCc2cnoc2)c2cccnc2)cc1
194,CC(C)Oc1ccc(N(C(=O)c2cnc[nH]2)C(C(=O)NCCc2cccc(F)n2)c2cccnc2)cc1
195,CC(C)Oc1ccc(N(C(=O)c2cnc[nH]2)C(C(=O)NCCc2ccc(-n3cnnc3)cc2)c2cccnc2)cc1
196,Cc1ncsc1CCNC(=O)C(c1cccnc1)N(C(=O)c1cnc[nH]1)c1ccc(OC(C)C)cc1
197,CC(C)Oc1ccc(N(C(=O)c2cnc[nH]2)C(C(=O)NCCc2ccccc2N2CCOCC2)c2cccnc2)cc1
198,Cc1nccnc1CCNC(=O)C(c1cccnc1)N(C(=O)c1cnc[nH]1)c1ccc(OC(C)C)cc1
199,CC(C)Oc1ccc(N(C(=O)c2cnc[nH]2)C(C(=O)NCCc2cc(C3CC3)nn2C)c2cccnc2)cc1
200,CC(C)Oc1ccc(N(C(=O)c2cnc[nH]2)C(C(=O)NCCc2cc(C(F)(F)F)nn2C)c2cccnc2)cc1
201,CC(C)Oc1ccc(N(C(=O)c2cnc[nH]2)C(C(=O)NCCc2cnc3c(Cl)cnn3c2)c2cccnc2)cc1
202,CC(C)Oc1ccc(N(C(=O)c2cnc[nH]2)C(C(=O)NCCc2ncn[nH]2)c2cccnc2)cc1
203,CC(C)Oc1ccc(N(C(=O)c2cnc[nH]2)C(C(=O)NCCc2nc3ccccc3o2)c2cccnc2)cc1
204,COc1ncccc1CCNC(=O)C(c1cccnc1)N(C(=O)c1cnc[nH]1)c1ccc(OC(C)C)cc1
205,CC(C)Oc1ccc(N(C(=O)c2cnc[nH]2)C(C(=O)NCCc2cn[nH]c2)c2cccnc2)cc1
206,Cc1nnc(CCNC(=O)C(c2cccnc2)N(C(=O)c2cnc[nH]2)c2ccc(OC(C)C)cc2)s1
207,Cc1nnc(CCNC(=O)C(c2cccnc2)N(C(=O)c2cnc[nH]2)c2ccc(OC(C)C)cc2)s1
208,Cc1cc(CCNC(=O)C(c2cccnc2)N(C(=O)c2cnc[nH]2)c2ccc(OC(C)C)cc2)on1
209,CC(C)Oc1ccc(N(C(=O)c2cnc[nH]2)C(C(=O)NCCc2ccc(N3CCOCC3)c(F)c2)c2cccnc2)cc1
210,CC(C)Oc1ccc(N(C(=O)c2cnc[nH]2)C(C(=O)NCCc2cccc(C#N)c2)c2cccnc2)cc1
211,CC(C)Oc1ccc(N(C(=O)c2cnc[nH]2)C(C(=O)NCCc2cccc(C#N)c2)c2cccnc2)cc1
212,CC(C)Oc1ccc(N(C(=O)c2cnc[nH]2)C(C(=O)NCCc2nnnn2-c2ccccc2)c2cccnc2)cc1
213,CC(C)Oc1ccc(N(C(=O)c2cnc[nH]2)C(C(=O)NCCc2ccc(F)cn2)c2cccnc2)cc1
214,CC(C)Oc1ccc(N(C(=O)c2cnc[nH]2)C(C(=O)NCCc2cnn(C)c2)c2cccnc2)cc1
215,CC(C)Oc1ccc(N(C(=O)c2cnc[nH]2)C(C(=O)NCCc2ncccc2F)c2cccnc2)cc1
216,CC(C)Oc1ccc(N(C(=O)c2cnc[nH]2)C(C(=O)NCCc2ncccc2F)c2cccnc2)cc1
217,CC(C)Oc1ccc(N(C(=O)c2cnc[nH]2)C(C(=O)NCCc2c[nH]nc2C(F)(F)F)c2cccnc2)cc1
218,CC(C)Oc1ccc(N(C(=O)c2cnc[nH]2)C(C(=O)NCCc2nc(=O)o[nH]2)c2cccnc2)cc1
219,Cc1cccc(CCNC(=O)C(c2cccnc2)N(C(=O)c2cnc[nH]2)c2ccc(OC(C)C)cc2)n1
220,CC(C)Oc1ccc(N(C(=O)c2cnc[nH]2)C(C(=O)NCCc2nnc3n2CCC3)c2cccnc2)cc1
221,Cc1nnc(CCNC(=O)C(c2cccnc2)N(C(=O)c2cnc[nH]2)c2ccc(OC(C)C)cc2)n1C
222,CC(C)Oc1ccc(N(C(=O)c2cnc[nH]2)C(C(=O)NCCc2ccc3c(c2)CCO3)c2cccnc2)cc1
223,COc1ccc(CCNC(=O)C(c2cccnc2)N(C(=O)c2cnc[nH]2)c2ccc(OC(C)C)cc2)c(F)c1
224,CC(C)Oc1ccc(N(C(=O)c2cnc[nH]2)C(C(=O)NCCc2cnc[nH]2)c2cccnc2)cc1
225,CC(C)Oc1ccc(N(C(=O)c2cnc[nH]2)C(C(=O)NCCc2nnc(-c3ccccc3)n2C)c2cccnc2)cc1
226,CC(C)Oc1ccc(N(C(=O)c2cnc[nH]2)C(C(=O)NCCc2ccc3c(c2)OCCO3)c2cccnc2)cc1
227,CC(C)Oc1ccc(N(C(=O)c2cnc[nH]2)C(C(=O)NCCc2cc(-c3ccncc3)[nH]n2)c2cccnc2)cc1
228,CC(C)Oc1ccc(N(C(=O)c2cnc[nH]2)C(C(=O)NCCc2cnc(Cl)s2)c2cccnc2)cc1
229,CC(C)Oc1ccc(N(C(=O)c2cnc[nH]2)C(C(=O)NCCc2n[nH]c(=S)o2)c2cccnc2)cc1
230,CC(C)Oc1ccc(N(C(=O)c2cnc[nH]2)C(C(=O)NCCc2cn3c(n2)CCC3)c2cccnc2)cc1
231,CC(C)Oc1ccc(N(C(=O)c2cnc[nH]2)C(C(=O)NCCc2nn(C)c3ccccc23)c2cccnc2)cc1
232,CC(C)Oc1ccc(N(C(=O)c2cnc[nH]2)C(C(=O)NCCc2ccnn2C)c2cccnc2)cc1
233,CC(C)Oc1ccc(N(C(=O)c2cnc[nH]2)C(C(=O)NCCc2nc(-c3ccccc3)n[nH]2)c2cccnc2)cc1
234,CC(C)Oc1ccc(N(C(=O)c2cnc[nH]2)C(C(=O)NCCc2ccn(C)n2)c2cccnc2)cc1
235,Cc1nc(CCNC(=O)C(c2cccnc2)N(C(=O)c2cnc[nH]2)c2ccc(OC(C)C)cc2)cs1
236,Cc1cnc(CCNC(=O)C(c2cccnc2)N(C(=O)c2cnc[nH]2)c2ccc(OC(C)C)cc2)nc1
237,Cc1cnccc1CCNC(=O)C(c1cccnc1)N(C(=O)c1cnc[nH]1)c1ccc(OC(C)C)cc1
238,CC(C)Oc1ccc(N(C(=O)c2cnc[nH]2)C(C(=O)NCCc2cnc(C3CC3)nc2)c2cccnc2)cc1
239,CC(C)Oc1ccc(N(C(=O)c2cnc[nH]2)C(C(=O)NCCc2cnc(C(C)C)nc2)c2cccnc2)cc1
240,COc1cc(CCNC(=O)C(c2cccnc2)N(C(=O)c2cnc[nH]2)c2ccc(OC(C)C)cc2)ccc1F
241,CC(C)Oc1ccc(N(C(=O)c2cnc[nH]2)C(C(=O)NCCc2cnccn2)c2cccnc2)cc1
242,CC(C)Oc1ccc(N(C(=O)c2cnc[nH]2)C(C(=O)NCCc2nnnn2C)c2cccnc2)cc1
243,CCc1nc(CCNC(=O)C(c2cccnc2)N(C(=O)c2cnc[nH]2)c2ccc(OC(C)C)cc2)no1
244,CC(C)Oc1ccc(N(C(=O)c2cnc[nH]2)C(C(=O)NCCc2nc3cc(F)ccc3[nH]2)c2cccnc2)cc1
245,CC(C)Oc1ccc(N(C(=O)c2cnc[nH]2)C(C(=O)NCCc2cc(=O)[nH][nH]2)c2cccnc2)cc1
246,CC(C)Oc1ccc(N(C(=O)c2cnc[nH]2)C(C(=O)NCCc2ccon2)c2cccnc2)cc1
247,COc1cc(CCNC(=O)C(c2cccnc2)N(C(=O)c2cnc[nH]2)c2ccc(OC(C)C)cc2)c([N+](=O)[O-])cc1OC
248,CC(C)Oc1ccc(N(C(=O)c2cnc[nH]2)C(C(=O)NCCc2nc3c(F)cccc3n2C)c2cccnc2)cc1
249,CC(C)Oc1ccc(N(C(=O)c2cnc[nH]2)C(C(=O)NCCc2nncn2C)c2cccnc2)cc1
250,Cc1nn(C)c(C)c1CCNC(=O)C(c1cccnc1)N(C(=O)c1cnc[nH]1)c1ccc(OC(C)C)cc1
251,Cc1ccn2cc(CCNC(=O)C(c3cccnc3)N(C(=O)c3cnc[nH]3)c3ccc(OC(C)C)cc3)nc2n1
252,Cc1ncc(CCNC(=O)C(c2cccnc2)N(C(=O)c2cnc[nH]2)c2ccc(OC(C)C)cc2)s1
253,Cc1cccc2nc(CCNC(=O)C(c3cccnc3)N(C(=O)c3cnc[nH]3)c3ccc(OC(C)C)cc3)cn12
254,Cc1c(CCNC(=O)C(c2cccnc2)N(C(=O)c2cnc[nH]2)c2ccc(OC(C)C)cc2)cnn1C
255,CC(C)Oc1ccc(N(C(=O)c2cnc[nH]2)C(C(=O)NCCc2ncnn2C)c2cccnc2)cc1
256,Cc1nc(CCNC(=O)C(c2cccnc2)N(C(=O)c2cnc[nH]2)c2ccc(OC(C)C)cc2)no1
257,CC(C)Oc1ccc(N(C(=O)c2cnc[nH]2)C(C(=O)NCCc2ncn(C)n2)c2cccnc2)cc1
258,CC(C)Oc1ccc(N(C(=O)c2cnc[nH]2)C(C(=O)NCCc2nnc(-c3ccccc3)o2)c2cccnc2)cc1
259,CC(C)Oc1ccc(N(C(=O)c2cnc[nH]2)C(C(=O)NCCc2n[nH]c(=O)[nH]2)c2cccnc2)cc1
260,CC(C)Oc1ccc(N(C(=O)c2cnc[nH]2)C(C(=O)NCCc2ncno2)c2cccnc2)cc1
261,CCc1cnc(CCNC(=O)C(c2cccnc2)N(C(=O)c2cnc[nH]2)c2ccc(OC(C)C)cc2)s1
262,CC(C)Oc1ccc(N(C(=O)c2cnc[nH]2)C(C(=O)NCCc2nnc(-c3ccccc3)o2)c2cccnc2)cc1
263,CCOc1cccc(CCNC(=O)C(c2cccnc2)N(C(=O)c2cnc[nH]2)c2ccc(OC(C)C)cc2)n1
264,Cc1[nH]cnc1CCNC(=O)C(c1cccnc1)N(C(=O)c1cnc[nH]1)c1ccc(OC(C)C)cc1
265,CC(C)Oc1ccc(N(C(=O)c2cnc[nH]2)C(C(=O)NCCc2ccc(CN3CCCC3=O)cc2)c2cccnc2)cc1
266,CC(C)Oc1ccc(N(C(=O)c2cnc[nH]2)C(C(=O)NCCc2ccc(S(C)(=O)=O)cc2)c2cccnc2)cc1
267,Cc1cnc(CCNC(=O)C(c2cccnc2)N(C(=O)c2cnc[nH]2)c2ccc(OC(C)C)cc2)s1
268,CC(C)Oc1ccc(N(C(=O)c2cnc[nH]2)C(C(=O)NCCc2ncon2)c2cccnc2)cc1
269,CNC(=O)c1cccc(CCNC(=O)C(c2cccnc2)N(C(=O)c2cnc[nH]2)c2ccc(OC(C)C)cc2)c1
270,Cc1nc(CCNC(=O)C(c2cccnc2)N(C(=O)c2cnc[nH]2)c2ccc(OC(C)C)cc2)sc1C
271,Cc1nc(N(C)C)sc1CCNC(=O)C(c1cccnc1)N(C(=O)c1cnc[nH]1)c1ccc(OC(C)C)cc1
272,Cc1cnc(CCNC(=O)C(c2cccnc2)N(C(=O)c2cnc[nH]2)c2ccc(OC(C)C)cc2)s1
273,CC(C)Oc1ccc(N(C(=O)c2cnc[nH]2)C(C(=O)NCCc2ncc[nH]2)c2cccnc2)cc1
274,CC(C)Oc1ccc(N(C(=O)c2cnc[nH]2)C(C(=O)NCCc2ccn(C(C)C)n2)c2cccnc2)cc1
275,CC(C)Oc1ccc(N(C(=O)c2cnc[nH]2)C(C(=O)NCCc2nc3ccccc3n2C)c2cccnc2)cc1
276,CC(C)Oc1ccc(N(C(=O)c2cnc[nH]2)C(C(=O)NCCc2ccc3c(c2)CCO3)c2cccnc2)cc1
277,CC(C)Oc1ccc(N(C(=O)c2cnc[nH]2)C(C(=O)NCCc2nc(Cc3ccccc3)no2)c2cccnc2)cc1
278,CC(C)Oc1ccc(N(C(=O)c2cnc[nH]2)C(C(=O)NCCc2noc(-c3ccccn3)n2)c2cccnc2)cc1
279,Cc1noc(C)c1CCNC(=O)C(c1cccnc1)N(C(=O)c1cnc[nH]1)c1ccc(OC(C)C)cc1
280,Cc1nc(CCNC(=O)C(c2cccnc2)N(C(=O)c2cnc[nH]2)c2ccc(OC(C)C)cc2)n[nH]1
281,COc1cc(OC)c(CCNC(=O)C(c2cccnc2)N(C(=O)c2cnc[nH]2)c2ccc(OC(C)C)cc2)c(OC)c1
282,Cc1cc(C)nc(CCNC(=O)C(c2cccnc2)N(C(=O)c2cnc[nH]2)c2ccc(OC(C)C)cc2)n1
283,CC(C)Oc1ccc(N(C(=O)c2cnc[nH]2)C(C(=O)NCCc2nc3cc(F)ccc3n2C)c2cccnc2)cc1
284,CC(C)Oc1ccc(N(C(=O)c2cnc[nH]2)C(C(=O)NCCc2csc(N(C)C)n2)c2cccnc2)cc1
285,COc1ccc(CCNC(=O)C(c2cccnc2)N(C(=O)c2cnc[nH]2)c2ccc(OC(C)C)cc2)cc1F
286,CC(C)Oc1ccc(N(C(=O)c2cnc[nH]2)C(C(=O)NCCc2ccc(OCCN(C)C)cc2)c2cccnc2)cc1
287,CC(C)Oc1ccc(N(C(=O)c2cnc[nH]2)C(C(=O)NCCc2nc(-c3ccncc3)no2)c2cccnc2)cc1
288,CC(C)Oc1ccc(N(C(=O)c2cnc[nH]2)C(C(=O)NCCc2nccn2C(F)F)c2cccnc2)cc1
289,CC(C)Oc1ccc(N(C(=O)c2cnc[nH]2)C(C(=O)NCCc2ccc(N(C)C)cc2)c2cccnc2)cc1
290,Cc1noc(CCNC(=O)C(c2cccnc2)N(C(=O)c2cnc[nH]2)c2ccc(OC(C)C)cc2)n1
291,CCc1nc(CCNC(=O)C(c2cccnc2)N(C(=O)c2cnc[nH]2)c2ccc(OC(C)C)cc2)cs1
292,CC(C)Oc1ccc(N(C(=O)c2cnc[nH]2)C(C(=O)NCCc2ccc([N+](=O)[O-])cc2)c2cccnc2)cc1
293,CC(C)Oc1ccc(N(C(=O)c2cnc[nH]2)C(C(=O)NCCc2nnc3ccccn23)c2cccnc2)cc1
294,CC(C)Oc1ccc(N(C(=O)c2cnc[nH]2)C(C(=O)NCCc2cnn(-c3ccccc3)n2)c2cccnc2)cc1
295,CC(C)Oc1ccc(N(C(=O)c2cnc[nH]2)C(C(=O)NCCc2cc(F)cc3c2OCOC3)c2cccnc2)cc1
296,Cc1csc(CCNC(=O)C(c2cccnc2)N(C(=O)c2cnc[nH]2)c2ccc(OC(C)C)cc2)n1
297,CC(C)Oc1ccc(N(C(=O)c2cnc[nH]2)C(C(=O)NCCc2cn3ccccc3n2)c2cccnc2)cc1
298,CC(C)Oc1ccc(N(C(=O)c2cnc[nH]2)C(C(=O)NCCc2cscn2)c2cccnc2)cc1
299,COc1cccc(CCNC(=O)C(c2cccnc2)N(C(=O)c2cnc[nH]2)c2ccc(OC(C)C)cc2)c1
300,CC(C)Oc1ccc(N(C(=O)c2cnc[nH]2)C(C(=O)NCCc2nccs2)c2cccnc2)cc1
301,CC(C)Oc1ccc(N(C(=O)c2cnc[nH]2)C(C(=O)NCCc2ccc3c(c2)OCO3)c2cccnc2)cc1
302,Cc1nc(CCNC(=O)C(c2cccnc2)N(C(=O)c2cnc[nH]2)c2ccc(OC(C)C)cc2)cs1
303,CC(C)Oc1ccc(N(C(=O)c2cnc[nH]2)C(C(=O)NCCc2ccncc2)c2cccnc2)cc1
304,CC(C)Oc1ccc(N(C(=O)c2cnc[nH]2)C(C(=O)NCCc2cccnc2)c2cccnc2)cc1
305,CC(C)Oc1ccc(N(C(=O)c2cnc[nH]2)C(C(=O)NCCc2cn3ccccc3n2)c2cccnc2)cc1
306,CC(C)Oc1ccc(N(C(=O)c2cnc[nH]2)C(C(=O)NCCc2ccc3c(c2)OCCO3)c2cccnc2)cc1
307,CC(C)Oc1ccc(N(C(=O)c2cnc[nH]2)C(C(=O)NCCc2ccc(OCC(=O)NC3CC3)cc2)c2cccnc2)cc1
308,CC(C)Oc1ccc(N(C(=O)c2cnc[nH]2)C(C(=O)NCCc2ccccn2)c2cccnc2)cc1
309,CC(=O)N1CCN(CCOc2ccc(CCNC(=O)C(c3cccnc3)N(C(=O)c3cnc[nH]3)c3ccc(OC(C)C)cc3)cc2)CC1
310,CC(=O)Nc1ccc(CCNC(=O)C(c2cccnc2)N(C(=O)c2cnc[nH]2)c2ccc(OC(C)C)cc2)cc1
311,CC(C)Oc1ccc(N(C(=O)c2cnc[nH]2)C(C(=O)NCCc2ccnc(Cl)c2)c2cccnc2)cc1
312,CC(C)Oc1ccc(N(C(=O)c2cnc[nH]2)C(C(=O)NCCc2ccc(Cl)nc2)c2cccnc2)cc1
313,CC(C)Oc1ccc(N(C(=O)c2cnc[nH]2)C(C(=O)NCCc2cccnc2Cl)c2cccnc2)cc1
314,CC(C)Oc1ccc(N(C(=O)c2cnc[nH]2)C(C(=O)NCCc2nnc(CO)s2)c2cccnc2)cc1
315,CC(C)Oc1ccc(N(C(=O)c2cnc[nH]2)C(C(=O)NCCc2ccc(O)c([N+](=O)[O-])c2)c2cccnc2)cc1
316,COc1cccc(CCNC(=O)C(c2cccnc2)N(C(=O)c2cnc[nH]2)c2ccc(OC(C)C)cc2)c1O
317,CC(C)Oc1ccc(N(C(=O)c2cnc[nH]2)C(C(=O)NCCc2ccc(CO)cc2)c2cccnc2)cc1
318,COc1cc(CCNC(=O)C(c2cccnc2)N(C(=O)c2cnc[nH]2)c2ccc(OC(C)C)cc2)cc(OC)c1O
319,Cc1ccc(CCNC(=O)C(c2cccnc2)N(C(=O)c2cnc[nH]2)c2ccc(OC(C)C)cc2)cc1O
320,CC(C)Oc1ccc(N(C(=O)c2cnc[nH]2)C(C(=O)NCCc2cncnc2O)c2cccnc2)cc1
321,CC(C)Oc1ccc(N(C(=O)c2cnc[nH]2)C(C(=O)NCCc2cncc(O)c2)c2cccnc2)cc1
322,CC(C)Oc1ccc(N(C(=O)c2cnc[nH]2)C(C(=O)NCCc2cc(O)no2)c2cccnc2)cc1
323,CC(C)Oc1ccc(N(C(=O)c2cnc[nH]2)C(C(=O)NCCc2ccnc(O)n2)c2cccnc2)cc1
324,CC(C)Oc1ccc(N(C(=O)c2cnc[nH]2)C(C(=O)NCCc2cccc(O)c2)c2cccnc2)cc1
325,CC(C)Oc1ccc(N(C(=O)c2cnc[nH]2)C(C(=O)NCCc2ocnc2CO)c2cccnc2)cc1
326,CC(C)Oc1ccc(N(C(=O)c2cnc[nH]2)C(C(=O)NCCc2cc(O)cc(F)c2)c2cccnc2)cc1
327,CC(C)Oc1ccc(N(C(=O)c2cnc[nH]2)C(C(=O)NCCc2c(F)cc(O)cc2F)c2cccnc2)cc1
328,CC(C)Oc1ccc(N(C(=O)c2cnc[nH]2)C(C(=O)NCCc2ccc(O)c(CO)c2)c2cccnc2)cc1
329,COc1ccc(CCNC(=O)C(c2cccnc2)N(C(=O)c2cnc[nH]2)c2ccc(OC(C)C)cc2)cc1O
330,CC(C)Oc1ccc(N(C(=O)c2cnc[nH]2)C(C(=O)NCCc2ccc(O)cc2F)c2cccnc2)cc1
331,CC(C)Oc1ccc(N(C(=O)c2cnc[nH]2)C(C(=O)NCCc2cnc(O)nc2)c2cccnc2)cc1
332,CC(C)Oc1ccc(N(C(=O)c2cnc[nH]2)C(C(=O)NCCc2ccnc(O)c2)c2cccnc2)cc1
333,COc1cc(CCNC(=O)C(c2cccnc2)N(C(=O)c2cnc[nH]2)c2ccc(OC(C)C)cc2)cc(OC)c1O
334,CC(C)Oc1ccc(N(C(=O)c2cnc[nH]2)C(C(=O)NCCc2ccc(O)cn2)c2cccnc2)cc1
335,CC(C)Oc1ccc(N(C(=O)c2cnc[nH]2)C(C(=O)NCCc2ccc(O)cc2)c2cccnc2)cc1
336,COc1cc(CCNC(=O)C(c2cccnc2)N(C(=O)c2cnc[nH]2)c2ccc(OC(C)C)cc2)ccc1O
337,CC(C)Oc1ccc(N(C(=O)c2cnc[nH]2)C(C(=O)NCCc2ccc(CO)cc2)c2cccnc2)cc1
338,CC(C)Oc1ccc(N(C(=O)c2cnc[nH]2)C(C(=O)NCCc2ccc(OCCO)cc2)c2cccnc2)cc1
339,CC(C)Oc1ccc(N(C(=O)c2cnc[nH]2)C(C(=O)NCCc2ccccc2O)c2cccnc2)cc1
340,CC(C)Oc1ccc(N(C(=O)c2cnc[nH]2)C(C(=O)NCCc2cc(O)n(C)n2)c2cccnc2)cc1
341,COc1ccc(CCNC(=O)C(c2cccnc2)N(C(=O)c2cnc[nH]2)c2ccc(OC(C)C)cc2)c(O)c1
342,CC(C)Oc1ccc(N(C(=O)c2cnc[nH]2)C(C(=O)NCCc2ccc(OCCO)cc2)c2cccnc2)cc1
343,CC(C)Oc1ccc(N(C(=O)c2cnc[nH]2)C(C(=O)NCCc2ccccc2O)c2cccnc2)cc1
