SMILES,pred_mean,pred_std
CC(C)Oc1ccc(N(C(=O)c2c[nH]cn2)C(C(=O)NCCc2cccc(F)c2)c2cccnc2)cc1,5.6796204609908,0.17095921310952633
CC(C)Oc1ccc(N(C(=O)c2c[nH]cn2)C(C(=O)NCCc2ccnc(Cl)c2)c2cccnc2)cc1,5.311638837980153,0.03671845499765639
Cc1ccncc1CCNC(=O)C(c1cccnc1)N(C(=O)c1c[nH]cn1)c1ccc(OC(C)C)cc1,5.290562641816573,0.02545107337920957
CC(C)Oc1ccc(N(C(=O)c2c[nH]cn2)C(C(=O)NCCc2ccc(-n3cnnc3)cc2)c2cccnc2)cc1,5.263976944072976,0.035679325801019346
CC(C)Oc1ccc(N(C(=O)c2c[nH]cn2)C(C(=O)NCCc2ccc(O)cc2O)c2cccnc2)cc1,5.256798989129775,0.027496145628395113
CC(C)Oc1ccc(N(C(=O)c2c[nH]cn2)C(C(=O)NCCc2ncccc2F)c2cccnc2)cc1,5.246343678894303,0.025794071354936977
CC(C)Oc1ccc(N(C(=O)c2c[nH]cn2)C(C(=O)NCCc2ncccc2F)c2cccnc2)cc1,5.246343678894303,0.025794071354936977
CC(C)Oc1ccc(N(C(=O)c2c[nH]cn2)C(C(=O)NCCc2ccc(O)c(O)c2)c2cccnc2)cc1,5.2406158643932255,0.02555479890335358
CC(C)Oc1ccc(N(C(=O)c2c[nH]cn2)C(C(=O)NCCc2ccns2)c2cccnc2)cc1,5.219625138850379,0.036769711183891336
CC(C)Oc1ccc(N(C(=O)c2c[nH]cn2)C(C(=O)NCCc2ccns2)c2cccnc2)cc1,5.219625138850379,0.036769711183891336
Cc1cnccc1CCNC(=O)C(c1cccnc1)N(C(=O)c1c[nH]cn1)c1ccc(OC(C)C)cc1,5.2186824997870485,0.011244681564503303
CC(C)Oc1ccc(N(C(=O)c2c[nH]cn2)C(C(=O)NCCc2ccno2)c2cccnc2)cc1,5.214309157888001,0.01600430281192923
CC(C)Oc1ccc(N(C(=O)c2c[nH]cn2)C(C(=O)NCCc2ccno2)c2cccnc2)cc1,5.214309157888001,0.01600430281192923
CC(C)Oc1ccc(N(C(=O)c2c[nH]cn2)C(C(=O)NCCc2ccc(O)cc2)c2cccnc2)cc1,5.203341378964882,0.07680000019851763
CC(C)Oc1ccc(N(C(=O)c2c[nH]cn2)C(C(=O)NCCc2ccc3c(c2)OCO3)c2cccnc2)cc1,5.201024196465731,0.03176222788807521
CC(C)Oc1ccc(N(C(=O)c2c[nH]cn2)C(C(=O)NCCc2ccc(O)cc2F)c2cccnc2)cc1,5.195273888655863,0.0353988741425711
CC(C)Oc1ccc(N(C(=O)c2c[nH]cn2)C(C(=O)NCCc2nccs2)c2cccnc2)cc1,5.193648230722193,0.022928678049422155
CC(C)Oc1ccc(N(C(=O)c2c[nH]cn2)C(C(=O)NCCc2ccc(C#N)cc2)c2cccnc2)cc1,5.193161288989108,0.043852823960991924
CC(C)Oc1ccc(N(C(=O)c2c[nH]cn2)C(C(=O)NCCc2ccc3c(c2)COCC3)c2cccnc2)cc1,5.192991026893726,0.030512678630624766
CNC(=O)c1ccc(CCNC(=O)C(c2cccnc2)N(C(=O)c2c[nH]cn2)c2ccc(OC(C)C)cc2)cc1,5.184935021532505,0.026687534556546034
COc1ccncc1CCNC(=O)C(c1cccnc1)N(C(=O)c1c[nH]cn1)c1ccc(OC(C)C)cc1,5.184248320458397,0.0486148824017807
Cc1ccnc(CCNC(=O)C(c2cccnc2)N(C(=O)c2c[nH]cn2)c2ccc(OC(C)C)cc2)n1,5.181452201625179,0.02965983859212168
COc1ccc(CCNC(=O)C(c2cccnc2)N(C(=O)c2c[nH]cn2)c2ccc(OC(C)C)cc2)cc1F,5.181322959611474,0.024506599264357037
CC(C)Oc1ccc(N(C(=O)c2c[nH]cn2)C(C(=O)NCCc2cccc(C#N)c2)c2cccnc2)cc1,5.174504917897119,0.047245814141579724
CC(C)Oc1ccc(N(C(=O)c2c[nH]cn2)C(C(=O)NCCc2cccc(C#N)c2)c2cccnc2)cc1,5.174504917897119,0.047245814141579724
CC(C)Oc1ccc(N(C(=O)c2c[nH]cn2)C(C(=O)NCCc2ncccn2)c2cccnc2)cc1,5.171990993695185,0.05029934781591365
CC(C)Oc1ccc(N(C(=O)c2c[nH]cn2)C(C(=O)NCCc2ccc(O)cn2)c2cccnc2)cc1,5.169878348050866,0.04017447084201228
CC(C)Oc1ccc(N(C(=O)c2c[nH]cn2)C(C(=O)NCCc2cncs2)c2cccnc2)cc1,5.168976814972872,0.018787804656506986
COc1ccc(CCNC(=O)C(c2cccnc2)N(C(=O)c2c[nH]cn2)c2ccc(OC(C)C)cc2)c(F)c1,5.167885779433505,0.038561405103502824
CC(C)Oc1ccc(N(C(=O)c2c[nH]cn2)C(C(=O)NCCc2ccc3c(c2)CCOC3)c2cccnc2)cc1,5.163239734579543,0.030732024698281697
CC(C)Oc1ccc(N(C(=O)c2c[nH]cn2)C(C(=O)NCCc2ccncc2F)c2cccnc2)cc1,5.16320396179585,0.02399975113506684
CC(C)Oc1ccc(N(C(=O)c2c[nH]cn2)C(C(=O)NCCc2cncc(O)c2)c2cccnc2)cc1,5.162789026610307,0.03726465321035863
CC(C)Oc1ccc(N(C(=O)c2c[nH]cn2)C(C(=O)NCCc2ccon2)c2cccnc2)cc1,5.161214220177085,0.02556410831012923
CC(C)Oc1ccc(N(C(=O)c2c[nH]cn2)C(C(=O)NCCc2cccc(O)c2)c2cccnc2)cc1,5.156441348864449,0.04612832861959562
CC(C)Oc1ccc(N(C(=O)c2c[nH]cn2)C(C(=O)NCCc2cc[nH]c(=O)c2)c2cccnc2)cc1,5.154552698150486,0.03404016137456018
CC(C)Oc1ccc(N(C(=O)c2c[nH]cn2)C(C(=O)NCCc2cnccn2)c2cccnc2)cc1,5.154338377315572,0.04619287545492903
CC(C)Oc1ccc(N(C(=O)c2c[nH]cn2)C(C(=O)NCCc2cnccn2)c2cccnc2)cc1,5.154338377315572,0.04619287545492903
COc1ccc(CCNC(=O)C(c2cccnc2)N(C(=O)c2c[nH]cn2)c2ccc(OC(C)C)cc2)cc1,5.149216355921584,0.051443356520912545
CC(C)Oc1ccc(N(C(=O)c2c[nH]cn2)C(C(=O)NCCc2ccc(O)c(CO)c2)c2cccnc2)cc1,5.148290120561212,0.02789781950861541
CC(=O)Nc1ccc(CCNC(=O)C(c2cccnc2)N(C(=O)c2c[nH]cn2)c2ccc(OC(C)C)cc2)cc1,5.1472050052957865,0.012706782647281147
CC(C)Oc1ccc(N(C(=O)c2c[nH]cn2)C(C(=O)NCCc2ccn(C(C)C)n2)c2cccnc2)cc1,5.1436111682922085,0.024064199226511537
CC(C)Oc1ccc(N(C(=O)c2c[nH]cn2)C(C(=O)NCCc2cncnc2)c2cccnc2)cc1,5.143151544676597,0.04275618810683925
CC(C)Oc1ccc(N(C(=O)c2c[nH]cn2)C(C(=O)NCCc2cncnc2)c2cccnc2)cc1,5.143151544676597,0.04275618810683925
COc1cc(CCNC(=O)C(c2cccnc2)N(C(=O)c2c[nH]cn2)c2ccc(OC(C)C)cc2)ccn1,5.143024640629305,0.04048635961407792
COc1cc(CCNC(=O)C(c2cccnc2)N(C(=O)c2c[nH]cn2)c2ccc(OC(C)C)cc2)ccn1,5.143024640629305,0.04048635961407792
CC(C)Oc1ccc(N(C(=O)c2c[nH]cn2)C(C(=O)NCCc2ccc(Cl)nc2)c2cccnc2)cc1,5.140695107644868,0.04789818031006962
Cc1ccc(CCNC(=O)C(c2cccnc2)N(C(=O)c2c[nH]cn2)c2ccc(OC(C)C)cc2)cn1,5.1392204384688025,0.04120139411526608
CC(C)Oc1ccc(N(C(=O)c2c[nH]cn2)C(C(=O)NCCc2c[nH]cn2)c2cccnc2)cc1,5.136437080541528,0.021384118095542793
CC(C)Oc1ccc(N(C(=O)c2c[nH]cn2)C(C(=O)NCCc2c[nH]cn2)c2cccnc2)cc1,5.136437080541528,0.021384118095542793
CC(C)Oc1ccc(N(C(=O)c2c[nH]cn2)C(C(=O)NCCc2ccc(CN(C)C)cc2)c2cccnc2)cc1,5.1361634758796955,0.045073752283424445
CC(C)Oc1ccc(N(C(=O)c2c[nH]cn2)C(C(=O)NCCc2ccc3c(c2)OCCO3)c2cccnc2)cc1,5.1351738533374505,0.01926903390402397
CC(C)Oc1ccc(N(C(=O)c2c[nH]cn2)C(C(=O)NCCc2ccc3c(c2)OCCO3)c2cccnc2)cc1,5.1351738533374505,0.01926903390402397
CC(C)Oc1ccc(N(C(=O)c2c[nH]cn2)C(C(=O)NCCc2ccc(CO)cc2)c2cccnc2)cc1,5.128741343217261,0.054570485644825424
CC(C)Oc1ccc(N(C(=O)c2c[nH]cn2)C(C(=O)NCCc2ccc(CO)cc2)c2cccnc2)cc1,5.128741343217261,0.054570485644825424
CC(C)Oc1ccc(N(C(=O)c2c[nH]cn2)C(C(=O)NCCc2ccncn2)c2cccnc2)cc1,5.128368213592028,0.016313132741434047
COCc1ccc(CCNC(=O)C(c2cccnc2)N(C(=O)c2c[nH]cn2)c2ccc(OC(C)C)cc2)cc1,5.1271560025928755,0.05840905986891439
CCc1cnc(CCNC(=O)C(c2cccnc2)N(C(=O)c2c[nH]cn2)c2ccc(OC(C)C)cc2)s1,5.127033242318939,0.051702599832410226
CC(C)Oc1ccc(N(C(=O)c2c[nH]cn2)C(C(=O)NCCc2ccc(N(C)C)nc2)c2cccnc2)cc1,5.118022213793383,0.028298938524271004
CC(C)Oc1ccc(N(C(=O)c2c[nH]cn2)C(C(=O)NCCc2nncn2C(C)C)c2cccnc2)cc1,5.117888312569583,0.03267584147591233
CC(C)Oc1ccc(N(C(=O)c2c[nH]cn2)C(C(=O)NCCc2ccc(OCCO)cc2)c2cccnc2)cc1,5.11450954664753,0.045897716519613045
CC(C)Oc1ccc(N(C(=O)c2c[nH]cn2)C(C(=O)NCCc2ccc(OCCO)cc2)c2cccnc2)cc1,5.11450954664753,0.045897716519613045
CC(C)Oc1ccc(N(C(=O)c2c[nH]cn2)C(C(=O)NCCc2ccncc2)c2cccnc2)cc1,5.113469175551996,0.06681599243084636
CC(C)Oc1ccc(N(C(=O)c2c[nH]cn2)C(C(=O)NCCc2cnco2)c2cccnc2)cc1,5.110604875861969,0.018677266534814222
CC(C)Oc1ccc(N(C(=O)c2c[nH]cn2)C(C(=O)NCCc2cnc(C3CC3)nc2)c2cccnc2)cc1,5.110250215878781,0.03184266919772717
CC(C)Oc1ccc(N(C(=O)c2c[nH]cn2)C(C(=O)NCCc2ccnnc2)c2cccnc2)cc1,5.109901122116601,0.04593314167585468
CC(C)Oc1ccc(N(C(=O)c2c[nH]cn2)C(C(=O)NCCc2cnoc2)c2cccnc2)cc1,5.107798885444835,0.046887544289944225
CC(C)Oc1ccc(N(C(=O)c2c[nH]cn2)C(C(=O)NCCc2ccc3c(c2)COC3)c2cccnc2)cc1,5.103336523103734,0.019418174792661946
CC(C)Oc1ccc(N(C(=O)c2c[nH]cn2)C(C(=O)NCCc2cn[nH]c2)c2cccnc2)cc1,5.100694384517297,0.06039971815412443
COc1cccc(CCNC(=O)C(c2cccnc2)N(C(=O)c2c[nH]cn2)c2ccc(OC(C)C)cc2)c1,5.100085368192362,0.045071007337708024
COc1ccc(CCNC(=O)C(c2cccnc2)N(C(=O)c2c[nH]cn2)c2ccc(OC(C)C)cc2)cn1,5.099695121739403,0.051966396094007515
CC(C)Oc1ccc(N(C(=O)c2c[nH]cn2)C(C(=O)NCCc2ncc[nH]2)c2cccnc2)cc1,5.098208040166453,0.042374767507415756
CC(C)Oc1ccc(N(C(=O)c2c[nH]cn2)C(C(=O)NCCc2ccc(N(C)C)cc2)c2cccnc2)cc1,5.097778315642428,0.03294347193249329
CCOc1cccc(CCNC(=O)C(c2cccnc2)N(C(=O)c2c[nH]cn2)c2ccc(OC(C)C)cc2)n1,5.092824286988927,0.023979901457741763
CCOc1cccc(CCNC(=O)C(c2cccnc2)N(C(=O)c2c[nH]cn2)c2ccc(OC(C)C)cc2)n1,5.092824286988927,0.023979901457741763
Cc1cccnc1CCNC(=O)C(c1cccnc1)N(C(=O)c1c[nH]cn1)c1ccc(OC(C)C)cc1,5.092693253805747,0.030343745549819515
Cc1cccnc1CCNC(=O)C(c1cccnc1)N(C(=O)c1c[nH]cn1)c1ccc(OC(C)C)cc1,5.092693253805747,0.030343745549819515
CC(C)Oc1ccc(N(C(=O)c2c[nH]cn2)C(C(=O)NCCc2ccc(F)cn2)c2cccnc2)cc1,5.092267392076114,0.014919699655300581
CC(C)Oc1ccc(N(C(=O)c2c[nH]cn2)C(C(=O)NCCc2cccnc2)c2cccnc2)cc1,5.091670876258286,0.06486681223546398
CC(C)Oc1ccc(N(C(=O)c2c[nH]cn2)C(C(=O)NCCc2ccccc2C#N)c2cccnc2)cc1,5.091125561939403,0.03703173716965129
CC(C)Oc1ccc(N(C(=O)c2c[nH]cn2)C(C(=O)NCCc2ccc(C(=O)N(C)C)cc2)c2cccnc2)cc1,5.086945912892764,0.03240442913339657
CCn1ccc(CCNC(=O)C(c2cccnc2)N(C(=O)c2c[nH]cn2)c2ccc(OC(C)C)cc2)n1,5.0847972996121396,0.026475760182199777
CC(C)Oc1ccc(N(C(=O)c2c[nH]cn2)C(C(=O)NCCc2cccnc2N(C)C)c2cccnc2)cc1,5.081197089074573,0.023148146272055498
CC(C)Oc1ccc(N(C(=O)c2c[nH]cn2)C(C(=O)NCCc2cccc(C(=O)N(C)C)c2)c2cccnc2)cc1,5.079097193695715,0.032210829962061746
CC(C)Oc1ccc(N(C(=O)c2c[nH]cn2)C(C(=O)NCCc2ccccn2)c2cccnc2)cc1,5.078744958967787,0.05373445528310914
CC(C)Oc1ccc(N(C(=O)c2c[nH]cn2)C(C(=O)NCCc2cc(O)cc(F)c2)c2cccnc2)cc1,5.0731481574655115,0.02963638447593556
COc1ccnc(CCNC(=O)C(c2cccnc2)N(C(=O)c2c[nH]cn2)c2ccc(OC(C)C)cc2)n1,5.069250693629355,0.017422687446573302
COc1ccnc(CCNC(=O)C(c2cccnc2)N(C(=O)c2c[nH]cn2)c2ccc(OC(C)C)cc2)n1,5.069250693629355,0.017422687446573302
CC(C)Oc1ccc(N(C(=O)c2c[nH]cn2)C(C(=O)NCCc2cccnc2Cl)c2cccnc2)cc1,5.062070414647069,0.02721011061313518
CC(C)Oc1ccc(N(C(=O)c2c[nH]cn2)C(C(=O)NCCc2cnc(C(C)C)nc2)c2cccnc2)cc1,5.0565694786393305,0.045363948392652245
Cc1ccc(CCNC(=O)C(c2cccnc2)N(C(=O)c2c[nH]cn2)c2ccc(OC(C)C)cc2)cc1O,5.05454764621229,0.01880799958879752
CC(C)Oc1ccc(N(C(=O)c2c[nH]cn2)C(C(=O)NCCc2ccc(OCCN(C)C)cc2)c2cccnc2)cc1,5.047670659081288,0.029510256548252678
CC(C)Oc1ccc(N(C(=O)c2c[nH]cn2)C(C(=O)NCCc2nccc(C3CC3)n2)c2cccnc2)cc1,5.037434646897461,0.030247894708764992
CC(C)Oc1ccc(N(C(=O)c2c[nH]cn2)C(C(=O)NCCc2ccc3c(c2)CCO3)c2cccnc2)cc1,5.03665685380024,0.012602499440837751
CC(C)Oc1ccc(N(C(=O)c2c[nH]cn2)C(C(=O)NCCc2ccc3c(c2)CCO3)c2cccnc2)cc1,5.03665685380024,0.012602499440837751
CC(C)Oc1ccc(N(C(=O)c2c[nH]cn2)C(C(=O)NCCc2ccc(=O)[nH]c2)c2cccnc2)cc1,5.036214329496387,0.021149222842380428
CC(C)Oc1ccc(N(C(=O)c2c[nH]cn2)C(C(=O)NCCc2cccc(CN(C)C)c2)c2cccnc2)cc1,5.033020376341059,0.0346436369476231
CC(C)Oc1ccc(N(C(=O)c2c[nH]cn2)C(C(=O)NCCc2cc[nH]n2)c2cccnc2)cc1,5.026649981321659,0.01305648979754892
CC(C)Oc1ccc(N(C(=O)c2c[nH]cn2)C(C(=O)NCCc2cscn2)c2cccnc2)cc1,5.018459738117531,0.014592041782461639
CC(C)Oc1ccc(N(C(=O)c2c[nH]cn2)C(C(=O)NCCc2ccc(OCC(=O)NC3CC3)cc2)c2cccnc2)cc1,5.016643843601502,0.02186793265366841
COc1ccc(CCNC(=O)C(c2cccnc2)N(C(=O)c2c[nH]cn2)c2ccc(OC(C)C)cc2)cc1O,5.015713537074367,0.030773788839470628
CNC(=O)c1cccc(CCNC(=O)C(c2cccnc2)N(C(=O)c2c[nH]cn2)c2ccc(OC(C)C)cc2)c1,5.015611545196763,0.030485531497903295
CC(C)Oc1ccc(N(C(=O)c2c[nH]cn2)C(C(=O)NCCc2nccn2C(F)F)c2cccnc2)cc1,5.014617857675546,0.04060606493849738
CC(C)Oc1ccc(N(C(=O)c2c[nH]cn2)C(C(=O)NCCc2nccn2C(F)F)c2cccnc2)cc1,5.014617857675546,0.04060606493849738
CC(C)Oc1ccc(N(C(=O)c2c[nH]cn2)C(C(=O)NCCc2ccc(F)cc2)c2cccnc2)cc1,5.013424607671565,0.037669549565411575
CCn1cc(CCNC(=O)C(c2cccnc2)N(C(=O)c2c[nH]cn2)c2ccc(OC(C)C)cc2)cn1,5.00921715860356,0.05738187785163633
Cc1nc(CCNC(=O)C(c2cccnc2)N(C(=O)c2c[nH]cn2)c2ccc(OC(C)C)cc2)sc1C,5.008815020060828,0.04257001702125353
CC(C)Oc1ccc(N(C(=O)c2c[nH]cn2)C(C(=O)NCCc2c(F)cc(O)cc2F)c2cccnc2)cc1,5.006846085271043,0.02708501616191145
CC(C)Oc1ccc(N(C(=O)c2c[nH]cn2)C(C(=O)NCCc2ccccc2F)c2cccnc2)cc1,5.006271349658945,0.028275910352268414
CC(C)Oc1ccc(N(C(=O)c2c[nH]cn2)C(C(=O)NCCc2ccc(S(=O)(=O)NC3CC3)cc2)c2cccnc2)cc1,5.002403075893993,0.03908218034662192
COc1cc(CCNC(=O)C(c2cccnc2)N(C(=O)c2c[nH]cn2)c2ccc(OC(C)C)cc2)cc(OC)c1,4.995322084489526,0.021536681274798485
CC(C)Oc1ccc(N(C(=O)c2c[nH]cn2)C(C(=O)NCCc2nccc(C(F)F)n2)c2cccnc2)cc1,4.993604493933499,0.0178988253552221
CC(C)Oc1ccc(N(C(=O)c2c[nH]cn2)C(C(=O)NCCc2ccccc2O)c2cccnc2)cc1,4.982355826106074,0.03167188608310463
CC(C)Oc1ccc(N(C(=O)c2c[nH]cn2)C(C(=O)NCCc2ccccc2O)c2cccnc2)cc1,4.982355826106074,0.03167188608310463
COCc1ccnc(CCNC(=O)C(c2cccnc2)N(C(=O)c2c[nH]cn2)c2ccc(OC(C)C)cc2)n1,4.979504322961142,0.015085754160130287
CC(C)Oc1ccc(N(C(=O)c2c[nH]cn2)C(C(=O)NCCc2ncon2)c2cccnc2)cc1,4.9730075042054445,0.03915536966808751
CC(C)Oc1ccc(N(C(=O)c2c[nH]cn2)C(C(=O)NCCc2ccc(S(C)(=O)=O)cc2)c2cccnc2)cc1,4.970027668884866,0.033163304840289044
CC(C)Oc1ccc(N(C(=O)c2c[nH]cn2)C(C(=O)NCCc2ccc(S(C)(=O)=O)cc2)c2cccnc2)cc1,4.970027668884866,0.033163304840289044
COc1ncc(CCNC(=O)C(c2cccnc2)N(C(=O)c2c[nH]cn2)c2ccc(OC(C)C)cc2)cn1,4.968830428895963,0.008924013453762994
COc1ncc(CCNC(=O)C(c2cccnc2)N(C(=O)c2c[nH]cn2)c2ccc(OC(C)C)cc2)cn1,4.968830428895963,0.008924013453762994
CC(C)Oc1ccc(N(C(=O)c2c[nH]cn2)C(C(=O)NCCc2ccc3[nH]ncc3c2)c2cccnc2)cc1,4.968263728686341,0.023836246353649834
Cc1ncccc1CCNC(=O)C(c1cccnc1)N(C(=O)c1c[nH]cn1)c1ccc(OC(C)C)cc1,4.962610627251816,0.018446398432048056
COc1cc(CCNC(=O)C(c2cccnc2)N(C(=O)c2c[nH]cn2)c2ccc(OC(C)C)cc2)ccc1O,4.96152042887866,0.03300300055620525
Cc1cncc(CCNC(=O)C(c2cccnc2)N(C(=O)c2c[nH]cn2)c2ccc(OC(C)C)cc2)n1,4.959611176150406,0.023806021165184002
CSc1ncc(CCNC(=O)C(c2cccnc2)N(C(=O)c2c[nH]cn2)c2ccc(OC(C)C)cc2)cn1,4.955868283339102,0.022304588974436962
CCNS(=O)(=O)c1ccc(CCNC(=O)C(c2cccnc2)N(C(=O)c2c[nH]cn2)c2ccc(OC(C)C)cc2)cc1,4.951727915183927,0.014120789276546931
COc1cccnc1CCNC(=O)C(c1cccnc1)N(C(=O)c1c[nH]cn1)c1ccc(OC(C)C)cc1,4.94549348798248,0.028113667375167125
COc1cccnc1CCNC(=O)C(c1cccnc1)N(C(=O)c1c[nH]cn1)c1ccc(OC(C)C)cc1,4.94549348798248,0.028113667375167125
CC(C)Oc1ccc(N(C(=O)c2c[nH]cn2)C(C(=O)NCCc2nnc(C(C)C)s2)c2cccnc2)cc1,4.942737680565078,0.021610942158008878
CC(C)Oc1ccc(N(C(=O)c2c[nH]cn2)C(C(=O)NCCc2cc(O)cc(O)c2)c2cccnc2)cc1,4.942027304455533,0.035205717496979004
CC(C)Oc1ccc(N(C(=O)c2c[nH]cn2)C(C(=O)NCCc2cn3ccccc3n2)c2cccnc2)cc1,4.934514590096264,0.017344925881994936
CC(C)Oc1ccc(N(C(=O)c2c[nH]cn2)C(C(=O)NCCc2cn3ccccc3n2)c2cccnc2)cc1,4.934514590096264,0.017344925881994936
CC(C)Oc1ccc(N(C(=O)c2c[nH]cn2)C(C(=O)NCCc2ccc(CN3CCCC3=O)cc2)c2cccnc2)cc1,4.931778277644531,0.01589177591568974
CC(C)Oc1ccc(N(C(=O)c2c[nH]cn2)C(C(=O)NCCc2cccc3c2OCCO3)c2cccnc2)cc1,4.929723784668101,0.025663643528370438
CC(C)Oc1ccc(N(C(=O)c2c[nH]cn2)C(C(=O)NCCc2cccc(F)n2)c2cccnc2)cc1,4.92374137326181,0.0483395811218245
Cc1cnc(CCNC(=O)C(c2cccnc2)N(C(=O)c2c[nH]cn2)c2ccc(OC(C)C)cc2)s1,4.921008075419833,0.028401940154917905
Cc1cnc(CCNC(=O)C(c2cccnc2)N(C(=O)c2c[nH]cn2)c2ccc(OC(C)C)cc2)s1,4.921008075419833,0.028401940154917905
CC(C)Oc1ccc(N(C(=O)c2c[nH]cn2)C(C(=O)NCCc2cc(C(F)(F)F)nn2C)c2cccnc2)cc1,4.9147447003212426,0.016499202930215878
CC(C)Oc1ccc(N(C(=O)c2c[nH]cn2)C(C(=O)NCCc2cc(-c3ccncc3)[nH]n2)c2cccnc2)cc1,4.912440231735525,0.013464877043113978
CC(C)Oc1ccc(N(C(=O)c2c[nH]cn2)C(C(=O)NCCc2n[nH]c(=S)o2)c2cccnc2)cc1,4.90676668356805,0.022038804453131895
CC(C)Oc1ccc(N(C(=O)c2c[nH]cn2)C(C(=O)NCCc2ccc3c[nH]nc3c2)c2cccnc2)cc1,4.904786872447751,0.024924317258368068
CC(C)Oc1ccc(N(C(=O)c2c[nH]cn2)C(C(=O)NCCc2ccc(CN3CCOCC3)cc2)c2cccnc2)cc1,4.903912312498912,0.013662276677011696
CC(C)Oc1ccc(N(C(=O)c2c[nH]cn2)C(C(=O)NCCc2ncc(F)cc2F)c2cccnc2)cc1,4.901691465315369,0.014508363196718435
CC(C)Oc1ccc(N(C(=O)c2c[nH]cn2)C(C(=O)NCCc2cnc3ccccc3n2)c2cccnc2)cc1,4.901011949360031,0.027145818638393507
Cc1nccnc1CCNC(=O)C(c1cccnc1)N(C(=O)c1c[nH]cn1)c1ccc(OC(C)C)cc1,4.900236059803666,0.02666108062332661
COc1cccc(CCNC(=O)C(c2cccnc2)N(C(=O)c2c[nH]cn2)c2ccc(OC(C)C)cc2)n1,4.899007812453166,0.04703559601811793
CC(C)Oc1ccc(N(C(=O)c2c[nH]cn2)C(C(=O)NCCc2nnnn2C)c2cccnc2)cc1,4.895960609547151,0.019726159674749128
Cc1ncc(CCNC(=O)C(c2cccnc2)N(C(=O)c2c[nH]cn2)c2ccc(OC(C)C)cc2)o1,4.894965967936544,0.02996670502602026
CC(C)Oc1ccc(N(C(=O)c2c[nH]cn2)C(C(=O)NCCc2nc(=O)cc[nH]2)c2cccnc2)cc1,4.8945152572695,0.02751396425099737
COc1ccc(F)cc1CCNC(=O)C(c1cccnc1)N(C(=O)c1c[nH]cn1)c1ccc(OC(C)C)cc1,4.892827643570025,0.028739756217612697
CC(C)Oc1ccc(N(C(=O)c2c[nH]cn2)C(C(=O)NCCc2cc(F)cc3c2OCOC3)c2cccnc2)cc1,4.889294535375802,0.01696093410299831
CC(C)Oc1ccc(N(C(=O)c2c[nH]cn2)C(C(=O)NCCc2ccccc2S(C)(=O)=O)c2cccnc2)cc1,4.888300032262232,0.01026533473137589
Cc1cccn2cc(CCNC(=O)C(c3cccnc3)N(C(=O)c3c[nH]cn3)c3ccc(OC(C)C)cc3)nc12,4.888233464636535,0.020097378165178478
CC(C)Oc1ccc(N(C(=O)c2c[nH]cn2)C(C(=O)NCCc2nncn2C2CC2)c2cccnc2)cc1,4.884042789824702,0.032492310276906446
Cc1noc(CCNC(=O)C(c2cccnc2)N(C(=O)c2c[nH]cn2)c2ccc(OC(C)C)cc2)n1,4.881949161266158,0.019089690064211226
CC(C)Oc1ccc(N(C(=O)c2c[nH]cn2)C(C(=O)NCCc2n[nH]c(=O)[nH]2)c2cccnc2)cc1,4.881199906288989,0.016221220963821555
CC(C)Oc1ccc(N(C(=O)c2c[nH]cn2)C(C(=O)NCCc2ocnc2CO)c2cccnc2)cc1,4.87919750414769,0.028018539866836945
CC(C)Oc1ccc(N(C(=O)c2c[nH]cn2)C(C(=O)NCCc2nc3ccccc3[nH]2)c2cccnc2)cc1,4.877805196334027,0.027359417215238886
CC(C)Oc1ccc(N(C(=O)c2c[nH]cn2)C(C(=O)NCCc2cc(=O)n(C)[nH]2)c2cccnc2)cc1,4.873092060200461,0.02381867695343566
Cc1ccc(CCNC(=O)C(c2cccnc2)N(C(=O)c2c[nH]cn2)c2ccc(OC(C)C)cc2)nc1,4.871543849747762,0.02857966551685399
CC(C)Oc1ccc(N(C(=O)c2c[nH]cn2)C(C(=O)NCCc2cncn2C)c2cccnc2)cc1,4.869295111292088,0.037974763043542456
Cc1nc(CCNC(=O)C(c2cccnc2)N(C(=O)c2c[nH]cn2)c2ccc(OC(C)C)cc2)no1,4.867479636371321,0.01836923271729692
CCn1cc(CCNC(=O)C(c2cccnc2)N(C(=O)c2c[nH]cn2)c2ccc(OC(C)C)cc2)nn1,4.865917040824606,0.024348360729963967
CC(C)Oc1ccc(N(C(=O)c2c[nH]cn2)C(C(=O)NCCc2nc3ccccc3o2)c2cccnc2)cc1,4.859555815019308,0.027510665868893194
Cc1n[nH]c(CCNC(=O)C(c2cccnc2)N(C(=O)c2c[nH]cn2)c2ccc(OC(C)C)cc2)n1,4.858385761140445,0.024964613670733663
Cc1cnc(CCNC(=O)C(c2cccnc2)N(C(=O)c2c[nH]cn2)c2ccc(OC(C)C)cc2)nc1C,4.85743615539347,0.02308099396476333
COc1cc(CCNC(=O)C(c2cccnc2)N(C(=O)c2c[nH]cn2)c2ccc(OC(C)C)cc2)cc(OC)c1O,4.857175288447986,0.0209371082103886
COc1cc(CCNC(=O)C(c2cccnc2)N(C(=O)c2c[nH]cn2)c2ccc(OC(C)C)cc2)cc(OC)c1O,4.857175288447986,0.0209371082103886
COc1cccc(CCNC(=O)C(c2cccnc2)N(C(=O)c2c[nH]cn2)c2ccc(OC(C)C)cc2)c1O,4.856738119857677,0.04026715071591019
Cc1nnc(CCNC(=O)C(c2cccnc2)N(C(=O)c2c[nH]cn2)c2ccc(OC(C)C)cc2)o1,4.852788013027764,0.019741333479000752
CC(C)Oc1ccc(N(C(=O)c2c[nH]cn2)C(C(=O)NCCc2cc(C3CC3)on2)c2cccnc2)cc1,4.84904105766392,0.020068745319089597
CC(C)Oc1ccc(N(C(=O)c2c[nH]cn2)C(C(=O)NCCc2nc3ncc([N+](=O)[O-])cn3n2)c2cccnc2)cc1,4.847352808266638,0.031096189362791606
CNS(=O)(=O)c1ccc(CCNC(=O)C(c2cccnc2)N(C(=O)c2c[nH]cn2)c2ccc(OC(C)C)cc2)cc1,4.843976842965412,0.04754643539295683
CC(C)Oc1ccc(N(C(=O)c2c[nH]cn2)C(C(=O)NCCc2cccc(S(C)(=O)=O)c2)c2cccnc2)cc1,4.8419541935949635,0.025295904393848562
CC(C)Oc1ccc(N(C(=O)c2c[nH]cn2)C(C(=O)NCCc2[nH]nc3ncccc23)c2cccnc2)cc1,4.841329838529754,0.01679203014835439
CC(C)Oc1ccc(N(C(=O)c2c[nH]cn2)C(C(=O)NCCc2nccn2CC(F)(F)F)c2cccnc2)cc1,4.837260892684727,0.019760394367491087
CC(C)Oc1ccc(N(C(=O)c2c[nH]cn2)C(C(=O)NCCc2cocn2)c2cccnc2)cc1,4.837167434137754,0.027682127787273473
CC(C)Oc1ccc(N(C(=O)c2c[nH]cn2)C(C(=O)NCCc2nnc3ccccn23)c2cccnc2)cc1,4.833741918881518,0.029968407860916084
CC(C)Oc1ccc(N(C(=O)c2c[nH]cn2)C(C(=O)NCCc2nnc3ccccn23)c2cccnc2)cc1,4.833741918881518,0.029968407860916084
COc1ccccc1CCNC(=O)C(c1cccnc1)N(C(=O)c1c[nH]cn1)c1ccc(OC(C)C)cc1,4.8328173091316975,0.021823077991830524
CC(C)Oc1ccc(N(C(=O)c2c[nH]cn2)C(C(=O)NCCc2cn3cccnc3n2)c2cccnc2)cc1,4.832129933199474,0.030457776981204242
CC(C)Oc1ccc(N(C(=O)c2c[nH]cn2)C(C(=O)NCCc2cn3cccnc3n2)c2cccnc2)cc1,4.832129933199474,0.030457776981204242
CC(C)Oc1ccc(N(C(=O)c2c[nH]cn2)C(C(=O)NCCc2nccc(C(F)(F)F)n2)c2cccnc2)cc1,4.831838981013875,0.02854950693792775
COc1ncccc1CCNC(=O)C(c1cccnc1)N(C(=O)c1c[nH]cn1)c1ccc(OC(C)C)cc1,4.828139050241889,0.028603353452024815
CC(C)Oc1ccc(N(C(=O)c2c[nH]cn2)C(C(=O)NCCc2nc3c(s2)COCC3)c2cccnc2)cc1,4.825022534776906,0.02438290273564185
Cc1cccc2nc(CCNC(=O)C(c3cccnc3)N(C(=O)c3c[nH]cn3)c3ccc(OC(C)C)cc3)cn12,4.824836664619218,0.029367361667872217
Cc1cccc2nc(CCNC(=O)C(c3cccnc3)N(C(=O)c3c[nH]cn3)c3ccc(OC(C)C)cc3)cn12,4.824836664619218,0.029367361667872217
CC(C)Oc1ccc(N(C(=O)c2c[nH]cn2)C(C(=O)NCCc2nc(C(C)C)no2)c2cccnc2)cc1,4.822709065010481,0.0316669278605589
CC(C)Oc1ccc(N(C(=O)c2c[nH]cn2)C(C(=O)NCCc2cccc3c2OCO3)c2cccnc2)cc1,4.820877901645662,0.03514483663751068
CC(C)Oc1ccc(N(C(=O)c2c[nH]cn2)C(C(=O)NCCc2cc(C(F)(F)F)no2)c2cccnc2)cc1,4.819626866647268,0.037757125088236386
COc1ccc(CCNC(=O)C(c2cccnc2)N(C(=O)c2c[nH]cn2)c2ccc(OC(C)C)cc2)c(O)c1,4.818536781620592,0.02252234499700262
COc1cc(C)nc(CCNC(=O)C(c2cccnc2)N(C(=O)c2c[nH]cn2)c2ccc(OC(C)C)cc2)n1,4.818222144980188,0.025242899391217502
CC(C)Oc1ccc(N(C(=O)c2c[nH]cn2)C(C(=O)NCCc2nc(Cc3ccccc3)no2)c2cccnc2)cc1,4.816627143568102,0.012580915607653828
CC(C)Oc1ccc(N(C(=O)c2c[nH]cn2)C(C(=O)NCCc2nc(Cc3ccccc3)no2)c2cccnc2)cc1,4.816627143568102,0.012580915607653828
CC(C)Oc1ccc(N(C(=O)c2c[nH]cn2)C(C(=O)NCCc2nc3ccccc3n2C)c2cccnc2)cc1,4.813313061778585,0.028627893193738083
Cc1cc2c(cc1CCNC(=O)C(c1cccnc1)N(C(=O)c1c[nH]cn1)c1ccc(OC(C)C)cc1)OCCO2,4.813212211144148,0.024598227050312976
COc1cc(CCNC(=O)C(c2cccnc2)N(C(=O)c2c[nH]cn2)c2ccc(OC(C)C)cc2)cc([N+](=O)[O-])c1OC,4.81282499627371,0.013565527028818978
CC(C)Oc1ccc(N(C(=O)c2c[nH]cn2)C(C(=O)NCCc2nnc3c(=O)[nH]ccn23)c2cccnc2)cc1,4.809672940863842,0.024042372185019492
Cc1cc(CCNC(=O)C(c2cccnc2)N(C(=O)c2c[nH]cn2)c2ccc(OC(C)C)cc2)ccn1,4.8073952396227915,0.021881351181531047
CC(C)Oc1ccc(N(C(=O)c2c[nH]cn2)C(C(=O)NCCc2noc3ccccc23)c2cccnc2)cc1,4.806684654288208,0.025480952627797326
COc1cccc(CCNC(=O)C(c2cccnc2)N(C(=O)c2c[nH]cn2)c2ccc(OC(C)C)cc2)c1F,4.805952496676708,0.03844470267323198
COc1ccc(CCNC(=O)C(c2cccnc2)N(C(=O)c2c[nH]cn2)c2ccc(OC(C)C)cc2)c(OC)c1,4.805121440240276,0.03159391368438475
CCS(=O)(=O)c1ccccc1CCNC(=O)C(c1cccnc1)N(C(=O)c1c[nH]cn1)c1ccc(OC(C)C)cc1,4.802154921289571,0.015761766361227367
CC(C)Oc1ccc(N(C(=O)c2c[nH]cn2)C(C(=O)NCCc2nc(-c3ccccc3)n(C)n2)c2cccnc2)cc1,4.799962620780745,0.022547132212700147
CC(C)Oc1ccc(N(C(=O)c2c[nH]cn2)C(C(=O)NCCc2ccc([N+](=O)[O-])cc2)c2cccnc2)cc1,4.799646433920456,0.01751141209140147
CC(C)Oc1ccc(N(C(=O)c2c[nH]cn2)C(C(=O)NCCc2noc(C3CC3)n2)c2cccnc2)cc1,4.795595659087017,0.014258979830208131
CC(C)Oc1ccc(N(C(=O)c2c[nH]cn2)C(C(=O)NCCc2ccnn2C)c2cccnc2)cc1,4.793673912656393,0.015663225706542865
CC(C)Oc1ccc(N(C(=O)c2c[nH]cn2)C(C(=O)NCCc2nc3ncccn3n2)c2cccnc2)cc1,4.793180677777215,0.02228241109543306
CC(C)Oc1ccc(N(C(=O)c2c[nH]cn2)C(C(=O)NCCc2ccc(O)c([N+](=O)[O-])c2)c2cccnc2)cc1,4.793087253047064,0.014307551215576862
Cc1nnc(CCNC(=O)C(c2cccnc2)N(C(=O)c2c[nH]cn2)c2ccc(OC(C)C)cc2)s1,4.791738869392106,0.016883962060092506
Cc1nnc(CCNC(=O)C(c2cccnc2)N(C(=O)c2c[nH]cn2)c2ccc(OC(C)C)cc2)s1,4.791738869392106,0.016883962060092506
CCc1nc(CCNC(=O)C(c2cccnc2)N(C(=O)c2c[nH]cn2)c2ccc(OC(C)C)cc2)cs1,4.7903672829342785,0.019703522559048444
COc1cc(OC)c(CCNC(=O)C(c2cccnc2)N(C(=O)c2c[nH]cn2)c2ccc(OC(C)C)cc2)c(OC)c1,4.789878169300348,0.03136316728167418
COc1nccc(CCNC(=O)C(c2cccnc2)N(C(=O)c2c[nH]cn2)c2ccc(OC(C)C)cc2)n1,4.788979520551477,0.015348743674845676
CC(C)Oc1ccc(N(C(=O)c2c[nH]cn2)C(C(=O)NCCc2nc(-c3ccccc3)nn2C)c2cccnc2)cc1,4.788056812632216,0.021790939406388668
COc1cc(OC)c(CCNC(=O)C(c2cccnc2)N(C(=O)c2c[nH]cn2)c2ccc(OC(C)C)cc2)cn1,4.784516589072229,0.0335117054428037
CC(C)Oc1ccc(N(C(=O)c2c[nH]cn2)C(C(=O)NCCc2nnc(-c3ccccc3)n2C)c2cccnc2)cc1,4.784304285989942,0.017928751286199217
Cc1nnc(CCNC(=O)C(c2cccnc2)N(C(=O)c2c[nH]cn2)c2ccc(OC(C)C)cc2)n1C,4.7842602158664915,0.010123337438931566
CC(C)Oc1ccc(N(C(=O)c2c[nH]cn2)C(C(=O)NCCc2nccn2C)c2cccnc2)cc1,4.784231618320453,0.040375614325383426
Cc1cc(C)nc(CCNC(=O)C(c2cccnc2)N(C(=O)c2c[nH]cn2)c2ccc(OC(C)C)cc2)n1,4.782369925369938,0.021112905301589133
CC(C)Oc1ccc(N(C(=O)c2c[nH]cn2)C(C(=O)NCCc2nnc3c(=O)n(C4CC4)ccn23)c2cccnc2)cc1,4.782036490936841,0.027059149348411096
CC(C)Oc1ccc(N(C(=O)c2c[nH]cn2)C(C(=O)NCCc2cnc3c(Cl)cnn3c2)c2cccnc2)cc1,4.781838395214688,0.027418254136048238
CC(C)Oc1ccc(N(C(=O)c2c[nH]cn2)C(C(=O)NCCc2nc(=O)o[nH]2)c2cccnc2)cc1,4.781643255420763,0.036867200336731236
Cc1nc(CCNC(=O)C(c2cccnc2)N(C(=O)c2c[nH]cn2)c2ccc(OC(C)C)cc2)c(C)o1,4.781234887336861,0.023884536193180518
Cc1cc(CCNC(=O)C(c2cccnc2)N(C(=O)c2c[nH]cn2)c2ccc(OC(C)C)cc2)no1,4.7806188338081235,0.016354770283160104
Cc1cc(CCNC(=O)C(c2cccnc2)N(C(=O)c2c[nH]cn2)c2ccc(OC(C)C)cc2)no1,4.7806188338081235,0.016354770283160104
Cc1nc(CCNC(=O)C(c2cccnc2)N(C(=O)c2c[nH]cn2)c2ccc(OC(C)C)cc2)co1,4.778354609677654,0.012581990190450074
Cc1cnc(CCNC(=O)C(c2cccnc2)N(C(=O)c2c[nH]cn2)c2ccc(OC(C)C)cc2)c(C)c1,4.774720864770598,0.028715276710615734
CC(C)Oc1ccc(N(C(=O)c2c[nH]cn2)C(C(=O)NCCc2cnn(-c3ccccc3)n2)c2cccnc2)cc1,4.774483168888625,0.012420075476402144
CC(C)Oc1ccc(N(C(=O)c2c[nH]cn2)C(C(=O)NCCc2cnn(-c3ccccc3)n2)c2cccnc2)cc1,4.774483168888625,0.012420075476402144
CC(=O)N1CCN(CCOc2ccc(CCNC(=O)C(c3cccnc3)N(C(=O)c3c[nH]cn3)c3ccc(OC(C)C)cc3)cc2)CC1,4.773517774939378,0.024871222495832908
CCc1nc(CCNC(=O)C(c2cccnc2)N(C(=O)c2c[nH]cn2)c2ccc(OC(C)C)cc2)no1,4.772730411009894,0.02687484877633782
CCn1cnnc1CCNC(=O)C(c1cccnc1)N(C(=O)c1c[nH]cn1)c1ccc(OC(C)C)cc1,4.770129527847803,0.01572059877950975
Cc1cnc(CCNC(=O)C(c2cccnc2)N(C(=O)c2c[nH]cn2)c2ccc(OC(C)C)cc2)cn1,4.769561845490665,0.02584440262357848
CC(C)Oc1ccc(N(C(=O)c2c[nH]cn2)C(C(=O)NCCc2nn[nH]n2)c2cccnc2)cc1,4.765317106504538,0.03209142670438308
CC(C)Oc1ccc(N(C(=O)c2c[nH]cn2)C(C(=O)NCCc2n[nH]c(-c3ccccc3)n2)c2cccnc2)cc1,4.763862586420606,0.013691690791494534
CC(C)Oc1ccc(N(C(=O)c2c[nH]cn2)C(C(=O)NCCc2noc(COc3ccccc3)n2)c2cccnc2)cc1,4.7637779703920184,0.01503879028402897
CC(C)Oc1ccc(N(C(=O)c2c[nH]cn2)C(C(=O)NCCc2n[nH]c(C(C)C)n2)c2cccnc2)cc1,4.761863590344466,0.029058078875474652
CCc1noc(CCNC(=O)C(c2cccnc2)N(C(=O)c2c[nH]cn2)c2ccc(OC(C)C)cc2)n1,4.759363092917985,0.015890981360331388
CC(C)Oc1ccc(N(C(=O)c2c[nH]cn2)C(C(=O)NCCc2noc(COc3ccc(F)cc3)n2)c2cccnc2)cc1,4.7580194274770875,0.021191898423265357
CC(C)Oc1ccc(N(C(=O)c2c[nH]cn2)C(C(=O)NCCc2cc(C3CC3)nn2C)c2cccnc2)cc1,4.756287906141038,0.031114070705586985
CC(C)Oc1ccc(N(C(=O)c2c[nH]cn2)C(C(=O)NCCc2ncno2)c2cccnc2)cc1,4.753045239090483,0.016548246494729302
CC(C)Oc1ccc(N(C(=O)c2c[nH]cn2)C(C(=O)NCCc2noc(C(C)(C)C)n2)c2cccnc2)cc1,4.751996044481968,0.019377680311481894
CC(C)Oc1ccc(N(C(=O)c2c[nH]cn2)C(C(=O)NCCc2nn(C)c3ccccc23)c2cccnc2)cc1,4.744963297616297,0.02269192315053031
Cc1ocnc1CCNC(=O)C(c1cccnc1)N(C(=O)c1c[nH]cn1)c1ccc(OC(C)C)cc1,4.7447473551986885,0.011549506396432816
CC(C)Oc1ccc(N(C(=O)c2c[nH]cn2)C(C(=O)NCCc2nc(C(F)F)no2)c2cccnc2)cc1,4.742720151426528,0.028517309293429115
CC(C)Oc1ccc(N(C(=O)c2c[nH]cn2)C(C(=O)NCCc2noc(-c3ccccn3)n2)c2cccnc2)cc1,4.7423973859654485,0.017367786709954747
CC(C)Oc1ccc(N(C(=O)c2c[nH]cn2)C(C(=O)NCCc2nnc(-c3ccccc3)o2)c2cccnc2)cc1,4.742195437927429,0.01642820513212974
CC(C)Oc1ccc(N(C(=O)c2c[nH]cn2)C(C(=O)NCCc2nnc(-c3ccccc3)o2)c2cccnc2)cc1,4.742195437927429,0.01642820513212974
CC(C)Oc1ccc(N(C(=O)c2c[nH]cn2)C(C(=O)NCCc2nnc3n2CCNC3=O)c2cccnc2)cc1,4.740917924904873,0.02832197382641756
CC(C)Oc1ccc(N(C(=O)c2c[nH]cn2)C(C(=O)NCCc2nc(C(F)(F)F)no2)c2cccnc2)cc1,4.740537975642767,0.026119543245830264
CC(C)Oc1ccc(N(C(=O)c2c[nH]cn2)C(C(=O)NCCc2cn(-c3ccccc3)nn2)c2cccnc2)cc1,4.739947742286228,0.012330414431743406
CC(C)Oc1ccc(N(C(=O)c2c[nH]cn2)C(C(=O)NCCc2nc(N(C)C)no2)c2cccnc2)cc1,4.735143035262451,0.039553172024565666
CC(C)Oc1ccc(N(C(=O)c2c[nH]cn2)C(C(=O)NCCc2nc3c(s2)CCC3)c2cccnc2)cc1,4.734895379187577,0.02530432163847426
Cc1cccc(CCNC(=O)C(c2cccnc2)N(C(=O)c2c[nH]cn2)c2ccc(OC(C)C)cc2)n1,4.731665494499882,0.018058541727462983
COc1ccc(CCNC(=O)C(c2cccnc2)N(C(=O)c2c[nH]cn2)c2ccc(OC(C)C)cc2)cc1[N+](=O)[O-],4.731449750985047,0.0205450809210686
COc1ccc(CCNC(=O)C(c2cccnc2)N(C(=O)c2c[nH]cn2)c2ccc(OC(C)C)cc2)cc1[N+](=O)[O-],4.731449750985047,0.0205450809210686
CC(C)Oc1ccc(N(C(=O)c2c[nH]cn2)C(C(=O)NCCc2nc(C3CC3)no2)c2cccnc2)cc1,4.731201643455565,0.029723499706088414
Cc1nc(N(C)C)sc1CCNC(=O)C(c1cccnc1)N(C(=O)c1c[nH]cn1)c1ccc(OC(C)C)cc1,4.730858982307008,0.04010878947490257
CC(C)Oc1ccc(N(C(=O)c2c[nH]cn2)C(C(=O)NCCc2ccc(N3CCC3)nc2)c2cccnc2)cc1,4.730504118505873,0.019493081787667964
CC(C)Oc1ccc(N(C(=O)c2c[nH]cn2)C(C(=O)NCCc2c[nH]nc2C(F)(F)F)c2cccnc2)cc1,4.729239291135458,0.015470065968451336
CC(C)Oc1ccc(N(C(=O)c2c[nH]cn2)C(C(=O)NCCc2cccc([N+](=O)[O-])c2)c2cccnc2)cc1,4.729176931172242,0.023467301802405686
CC(C)Oc1ccc(N(C(=O)c2c[nH]cn2)C(C(=O)NCCc2nnc3c(=O)n(C)ccn23)c2cccnc2)cc1,4.729160219147111,0.022040176863517506
CC(C)Oc1ccc(N(C(=O)c2c[nH]cn2)C(C(=O)NCCc2nnnn2-c2ccccc2)c2cccnc2)cc1,4.72881677721906,0.022511478141348622
CC(C)Oc1ccc(N(C(=O)c2c[nH]cn2)C(C(=O)NCCc2nc(-c3ccccc3)no2)c2cccnc2)cc1,4.721651495733414,0.019523903423290443
CCc1nnc(CCNC(=O)C(c2cccnc2)N(C(=O)c2c[nH]cn2)c2ccc(OC(C)C)cc2)n1C,4.719731174794835,0.02695843985101247
COCc1noc(CCNC(=O)C(c2cccnc2)N(C(=O)c2c[nH]cn2)c2ccc(OC(C)C)cc2)n1,4.716807226028724,0.023052574320170598
CC(C)Oc1ccc(N(C(=O)c2c[nH]cn2)C(C(=O)NCCc2nncs2)c2cccnc2)cc1,4.715059640015177,0.01743147413473057
Cc1ccn2cc(CCNC(=O)C(c3cccnc3)N(C(=O)c3c[nH]cn3)c3ccc(OC(C)C)cc3)nc2n1,4.7134801964462145,0.018647197397845233
CC(C)Oc1ccc(N(C(=O)c2c[nH]cn2)C(C(=O)NCCc2nc(-c3ccncc3)no2)c2cccnc2)cc1,4.713474410669373,0.017599468753650763
CC(C)Oc1ccc(N(C(=O)c2c[nH]cn2)C(C(=O)NCCc2ccccc2N2CCOCC2)c2cccnc2)cc1,4.712424154003218,0.020028503410128084
CC(C)Oc1ccc(N(C(=O)c2c[nH]cn2)C(C(=O)NCCc2n[nH]c(C3CC3)n2)c2cccnc2)cc1,4.709852559972149,0.02078004480356159
CC(C)Oc1ccc(N(C(=O)c2c[nH]cn2)C(C(=O)NCCc2ccccc2[N+](=O)[O-])c2cccnc2)cc1,4.706008135246536,0.03833166974418667
CC(C)Oc1ccc(N(C(=O)c2c[nH]cn2)C(C(=O)NCCc2nnc3n2CCN(C)C3=O)c2cccnc2)cc1,4.701938930539154,0.026414026514652845
Cc1cn(C)nc1CCNC(=O)C(c1cccnc1)N(C(=O)c1c[nH]cn1)c1ccc(OC(C)C)cc1,4.701618429947086,0.020572195762017152
CC(C)Oc1ccc(N(C(=O)c2c[nH]cn2)C(C(=O)NCCc2nnc(CO)s2)c2cccnc2)cc1,4.701516943421131,0.0230905800655933
CC(C)Oc1ccc(N(C(=O)c2c[nH]cn2)C(C(=O)NCCc2nc3cc(F)ccc3[nH]2)c2cccnc2)cc1,4.701087845356514,0.03146480993832159
CC(C)Oc1ccc(N(C(=O)c2c[nH]cn2)C(C(=O)NCCc2nc3ccc(F)cc3n2C)c2cccnc2)cc1,4.699340046586857,0.029732552595495943
CC(C)Oc1ccc(N(C(=O)c2c[nH]cn2)C(C(=O)NCCc2csc(N(C)C)n2)c2cccnc2)cc1,4.698792925293754,0.03713715976965678
CC(C)Oc1ccc(N(C(=O)c2c[nH]cn2)C(C(=O)NCCc2ccc(N3CCN(C)CC3)cc2)c2cccnc2)cc1,4.696791792072437,0.026733151802790348
Cc1cc(O)c(O)cc1CCNC(=O)C(c1cccnc1)N(C(=O)c1c[nH]cn1)c1ccc(OC(C)C)cc1,4.69676251070401,0.03012958790196508
CC(C)Oc1ccc(N(C(=O)c2c[nH]cn2)C(C(=O)NCCc2ccc(N3CCOCC3)c(F)c2)c2cccnc2)cc1,4.693125488388066,0.02564100923104697
CCc1csc(CCNC(=O)C(c2cccnc2)N(C(=O)c2c[nH]cn2)c2ccc(OC(C)C)cc2)n1,4.690074482499401,0.04311882034043284
Cc1csc(CCNC(=O)C(c2cccnc2)N(C(=O)c2c[nH]cn2)c2ccc(OC(C)C)cc2)n1,4.687873339495471,0.024724860225806864
COc1cc(CCNC(=O)C(c2cccnc2)N(C(=O)c2c[nH]cn2)c2ccc(OC(C)C)cc2)c([N+](=O)[O-])cc1OC,4.6858174304400535,0.018318806450180695
Cc1nn(C)c(C)c1CCNC(=O)C(c1cccnc1)N(C(=O)c1c[nH]cn1)c1ccc(OC(C)C)cc1,4.683991110244426,0.01938444162782066
Cc1nn(C)c(C)c1CCNC(=O)C(c1cccnc1)N(C(=O)c1c[nH]cn1)c1ccc(OC(C)C)cc1,4.683991110244426,0.01938444162782066
Cc1nn(C)c(C)c1CCNC(=O)C(c1cccnc1)N(C(=O)c1c[nH]cn1)c1ccc(OC(C)C)cc1,4.683991110244426,0.01938444162782066
COc1cc(CCNC(=O)C(c2cccnc2)N(C(=O)c2c[nH]cn2)c2ccc(OC(C)C)cc2)ccc1F,4.663235173797154,0.01750059645436597
COc1cc(CCNC(=O)C(c2cccnc2)N(C(=O)c2c[nH]cn2)c2ccc(OC(C)C)cc2)ccc1F,4.663235173797154,0.01750059645436597
CC(C)Oc1ccc(N(C(=O)c2c[nH]cn2)C(C(=O)NCCc2nc3cc(F)ccc3n2C)c2cccnc2)cc1,4.661022932967198,0.027515553690567726
CC(C)Oc1ccc(N(C(=O)c2c[nH]cn2)C(C(=O)NCCc2nccc(=O)n2C)c2cccnc2)cc1,4.659580306255741,0.022747627042776816
CC(C)Oc1ccc(N(C(=O)c2c[nH]cn2)C(C(=O)NCCc2cc[nH]c(=O)n2)c2cccnc2)cc1,4.651723294363752,0.018597879199844448
CC(C)Oc1ccc(N(C(=O)c2c[nH]cn2)C(C(=O)NCCc2csc(=O)[nH]2)c2cccnc2)cc1,4.648994785055315,0.030752358138395074
CCn1nc(C)c(CCNC(=O)C(c2cccnc2)N(C(=O)c2c[nH]cn2)c2ccc(OC(C)C)cc2)c1C,4.648698339004147,0.015413807324548005
CC(C)Oc1ccc(N(C(=O)c2c[nH]cn2)C(C(=O)NCCc2nnc3n2CCC3)c2cccnc2)cc1,4.6473045529824955,0.028962336827024076
Cc1noc(C)c1CCNC(=O)C(c1cccnc1)N(C(=O)c1c[nH]cn1)c1ccc(OC(C)C)cc1,4.642221939376602,0.014056126393575832
CC(C)Oc1ccc(N(C(=O)c2c[nH]cn2)C(C(=O)NCCc2ncc(F)cn2)c2cccnc2)cc1,4.640310851761393,0.027523824322489173
Cc1c(CCNC(=O)C(c2cccnc2)N(C(=O)c2c[nH]cn2)c2ccc(OC(C)C)cc2)cnn1C,4.632688453065086,0.018798412029603365
CC(C)Oc1ccc(N(C(=O)c2c[nH]cn2)C(C(=O)NCCc2cnc(Cl)s2)c2cccnc2)cc1,4.632237740792727,0.0209959964502003
Cc1nn(C)cc1CCNC(=O)C(c1cccnc1)N(C(=O)c1c[nH]cn1)c1ccc(OC(C)C)cc1,4.631446410774452,0.020196081049511313
Cc1cnc(CCNC(=O)C(c2cccnc2)N(C(=O)c2c[nH]cn2)c2ccc(OC(C)C)cc2)nc1,4.628455880683107,0.04112466807546146
Cc1nc(C)c(CCNC(=O)C(c2cccnc2)N(C(=O)c2c[nH]cn2)c2ccc(OC(C)C)cc2)s1,4.627911113305124,0.02765806789982504
CC(C)Oc1ccc(N(C(=O)c2c[nH]cn2)C(C(=O)NCCc2c[nH]nn2)c2cccnc2)cc1,4.62737986460578,0.020976094845522705
CC(C)Oc1ccc(N(C(=O)c2c[nH]cn2)C(C(=O)NCCc2ncc3c(n2)CCC3)c2cccnc2)cc1,4.6251928127795185,0.02955619321538762
COc1ccc(CCNC(=O)C(c2cccnc2)N(C(=O)c2c[nH]cn2)c2ccc(OC(C)C)cc2)cc1OC,4.625062766918084,0.022662076893495687
CC(C)Oc1ccc(N(C(=O)c2c[nH]cn2)C(C(=O)NCCc2cc(=O)[nH]o2)c2cccnc2)cc1,4.620643054365689,0.019723445759527863
CC(C)Oc1ccc(N(C(=O)c2c[nH]cn2)C(C(=O)NCCc2cnnn2C)c2cccnc2)cc1,4.618290313869615,0.02653585610576265
CC(C)Oc1ccc(N(C(=O)c2c[nH]cn2)C(C(=O)NCCc2cn3c(n2)CCC3)c2cccnc2)cc1,4.616376810985515,0.023048373621919072
CC(C)Oc1ccc(N(C(=O)c2c[nH]cn2)C(C(=O)NCCc2ncn(C)n2)c2cccnc2)cc1,4.613752426344842,0.03103975831678414
CC(C)Oc1ccc(N(C(=O)c2c[nH]cn2)C(C(=O)NCCc2ncn(C)n2)c2cccnc2)cc1,4.613752426344842,0.03103975831678414
CC(C)Oc1ccc(N(C(=O)c2c[nH]cn2)C(C(=O)NCCc2cc(F)ccc2[N+](=O)[O-])c2cccnc2)cc1,4.610223236804961,0.03431033891768141
Cc1n[nH]c(C)c1CCNC(=O)C(c1cccnc1)N(C(=O)c1c[nH]cn1)c1ccc(OC(C)C)cc1,4.582576046073751,0.0258297094847257
Cc1ncsc1CCNC(=O)C(c1cccnc1)N(C(=O)c1c[nH]cn1)c1ccc(OC(C)C)cc1,4.576258397625507,0.019578409970208068
CC(C)Oc1ccc(N(C(=O)c2c[nH]cn2)C(C(=O)NCCc2cn(C)cn2)c2cccnc2)cc1,4.57377358395375,0.03940209462660918
CC(C)Oc1ccc(N(C(=O)c2c[nH]cn2)C(C(=O)NCCc2c[nH]cnc2=O)c2cccnc2)cc1,4.572852102497462,0.027914380851867322
Cc1[nH]cnc1CCNC(=O)C(c1cccnc1)N(C(=O)c1c[nH]cn1)c1ccc(OC(C)C)cc1,4.571588992083794,0.03981109883335293
Cc1[nH]cnc1CCNC(=O)C(c1cccnc1)N(C(=O)c1c[nH]cn1)c1ccc(OC(C)C)cc1,4.571588992083794,0.03981109883335293
Cc1oncc1CCNC(=O)C(c1cccnc1)N(C(=O)c1c[nH]cn1)c1ccc(OC(C)C)cc1,4.562531630136484,0.018762069283399574
Cc1cc(CCNC(=O)C(c2cccnc2)N(C(=O)c2c[nH]cn2)c2ccc(OC(C)C)cc2)on1,4.555529070824275,0.048554004333514394
CC(C)Oc1ccc(N(C(=O)c2c[nH]cn2)C(C(=O)NCCc2nc3c(F)cccc3n2C)c2cccnc2)cc1,4.5554161809628315,0.04023677304598349
CC(C)Oc1ccc(N(C(=O)c2c[nH]cn2)C(C(=O)NCCc2ncnn2C)c2cccnc2)cc1,4.548122446611537,0.028084482604493078
Cc1cc(CCNC(=O)C(c2cccnc2)N(C(=O)c2c[nH]cn2)c2ccc(OC(C)C)cc2)nn1C,4.545714328863647,0.024557764091472107
CC(C)Oc1ccc(N(C(=O)c2c[nH]cn2)C(C(=O)NCCc2cn(C)nn2)c2cccnc2)cc1,4.540791140378047,0.02719205623548226
Cc1nc(CCNC(=O)C(c2cccnc2)N(C(=O)c2c[nH]cn2)c2ccc(OC(C)C)cc2)cs1,4.5389623445138465,0.02908521169537487
Cc1nc(CCNC(=O)C(c2cccnc2)N(C(=O)c2c[nH]cn2)c2ccc(OC(C)C)cc2)cs1,4.5389623445138465,0.02908521169537487
CC(C)Oc1ccc(N(C(=O)c2c[nH]cn2)C(C(=O)NCCc2nncn2C)c2cccnc2)cc1,4.536190749747346,0.04965099010288757
CC(C)Oc1ccc(N(C(=O)c2c[nH]cn2)C(C(=O)NCCc2nc[nH]n2)c2cccnc2)cc1,4.534690462636488,0.035271978626652205
CC(C)Oc1ccc(N(C(=O)c2c[nH]cn2)C(C(=O)NCCc2nc[nH]n2)c2cccnc2)cc1,4.534690462636488,0.035271978626652205
CC(C)Oc1ccc(N(C(=O)c2c[nH]cn2)C(C(=O)NCCc2cn3c(n2)SCC3)c2cccnc2)cc1,4.534502986908889,0.018039853070826117
CC(C)Oc1ccc(N(C(=O)c2c[nH]cn2)C(C(=O)NCCc2cn3c(n2)SCC3)c2cccnc2)cc1,4.534502986908889,0.018039853070826117
CC(C)Oc1ccc(N(C(=O)c2c[nH]cn2)C(C(=O)NCCc2nc(C(C)C)nn2C)c2cccnc2)cc1,4.53142286521871,0.03347766961050806
CC(C)Oc1ccc(N(C(=O)c2c[nH]cn2)C(C(=O)NCCc2cnn(C)c2)c2cccnc2)cc1,4.505786184545563,0.03426766235348294
CC(C)Oc1ccc(N(C(=O)c2c[nH]cn2)C(C(=O)NCCc2cnn(C)c2)c2cccnc2)cc1,4.505786184545563,0.03426766235348294
CC(C)Oc1ccc(N(C(=O)c2c[nH]cn2)C(C(=O)NCCc2cnn(C)c2)c2cccnc2)cc1,4.505786184545563,0.03426766235348294
COc1ccc(CCNC(=O)C(c2cccnc2)N(C(=O)c2c[nH]cn2)c2ccc(OC(C)C)cc2)c(OC)c1OC,4.488628498556814,0.019646499130894068
Cc1cc(CCNC(=O)C(c2cccnc2)N(C(=O)c2c[nH]cn2)c2ccc(OC(C)C)cc2)[nH]n1,4.48198899963928,0.04542265917346711
Cc1cc(CCNC(=O)C(c2cccnc2)N(C(=O)c2c[nH]cn2)c2ccc(OC(C)C)cc2)[nH]n1,4.48198899963928,0.04542265917346711
CC(C)Oc1ccc(N(C(=O)c2c[nH]cn2)C(C(=O)NCCc2cnc(=O)[nH]c2)c2cccnc2)cc1,4.474752728256979,0.03487823072114693
CC(C)Oc1ccc(N(C(=O)c2c[nH]cn2)C(C(=O)NCCc2cc(=O)[nH][nH]2)c2cccnc2)cc1,4.4551355463212285,0.03871222112116638
Cc1ncc(CCNC(=O)C(c2cccnc2)N(C(=O)c2c[nH]cn2)c2ccc(OC(C)C)cc2)s1,4.454860620026379,0.03944418637868995
Cc1nc(CCNC(=O)C(c2cccnc2)N(C(=O)c2c[nH]cn2)c2ccc(OC(C)C)cc2)c[nH]1,4.432740165082704,0.029472265222844997
CC(C)Oc1ccc(N(C(=O)c2c[nH]cn2)C(C(=O)NCCc2ccn(C)n2)c2cccnc2)cc1,4.414703876747548,0.03508794859563174
COc1cccc(CCNC(=O)C(c2cccnc2)N(C(=O)c2c[nH]cn2)c2ccc(OC(C)C)cc2)c1OC,4.4049352146900365,0.019780353336517773
COc1cccc(CCNC(=O)C(c2cccnc2)N(C(=O)c2c[nH]cn2)c2ccc(OC(C)C)cc2)c1OC,4.4049352146900365,0.019780353336517773
